id_municipio,ano,indice_atendimento_total_agua,indice_atendimento_esgoto_agua,indice_coleta_esgoto,indice_tratamento_esgoto,indice_perda_distribuicao_agua,indice_consumo_agua_per_capita,extensao_rede_agua,extensao_rede_esgoto,quantidade_ligacao_ativa_agua,quantidade_ligacao_ativa_esgoto,investimento_total_municipio,indice_saneamento_0_100,ranking_saneamento,prioridade_intervencao,investimento_norm_0_1,risco_saneamento_baixo_investimento
3506201,2022,96.66,96.05,100.0,100.0,18.26,157.8,15.09,16.03,1034.0,1029.0,0.0,95.78052037884989,36.0,608.0,0.0,0.04219479621150113
3506508,2022,100.0,90.14,80.0,100.0,47.96,229.3,473.34,465.26,52369.0,50730.0,115603.1,86.57244529963425,302.0,342.0,0.004357116976793571,0.13369049273823963
3507308,2022,91.22,91.11,100.0,100.0,19.34,180.8,30.31,22.98,1900.0,1896.0,0.0,92.84969357887161,117.0,527.0,0.0,0.07150306421128394
3511508,2022,98.5,98.5,82.41,100.0,32.58,160.1,326.0,254.93,17958.0,17442.0,1275372.47,90.83009065859883,180.0,464.0,0.04806918707865229,0.08729119253775068
3533809,2022,73.33,63.18,97.18,100.0,23.06,187.0,20.22,16.84,1094.0,933.0,0.0,79.45687644137979,425.0,219.0,0.0,0.20543123558620213
3540200,2022,99.78,99.78,96.84,100.0,16.71,233.3,120.0,120.0,12606.0,12556.0,205542.0,97.0333531277142,20.0,624.0,0.0077469422328995,0.02943664430340795
3542008,2022,96.49,94.03,97.95,100.0,13.43,163.0,30.24,32.8,2871.0,2775.0,0.0,95.30248005038169,47.0,597.0,0.0,0.04697519949618312
3545100,2022,92.05,89.73,99.99,100.0,17.86,154.3,20.69,22.37,1901.0,1875.0,0.0,92.90222443608978,114.0,530.0,0.0,0.07097775563910214
3554102,2022,92.78,90.8,85.61,100.0,29.64,170.0,968.83,657.05,103515.0,99163.0,0.0,88.38825010008661,255.0,389.0,0.0,0.11611749899913393
3556602,2022,83.23,83.23,76.19,94.7,53.43,142.2,37.2,37.2,3342.0,3342.0,115850.31,77.32242035035188,448.0,196.0,0.004366434398971982,0.22578559485780478
3503109,2022,57.17,56.86,99.99,100.0,33.96,183.7,23.36,28.32,2149.0,2134.0,0.0,72.66183956284921,506.0,138.0,0.0,0.27338160437150794
3511102,2022,96.73,96.73,100.0,96.27,17.69,242.8,500.0,500.0,54056.0,52024.0,0.0,95.21868675674779,50.0,594.0,0.0,0.047813132432522165
3516804,2022,83.98,83.06,100.0,100.0,15.46,144.3,23.9,15.04,1365.0,1352.0,0.0,89.22435164374491,220.0,424.0,0.0,0.10775648356255085
3538808,2022,87.76,86.75,100.0,100.0,28.96,168.9,171.15,149.69,12448.0,12199.0,0.0,89.56125475949071,211.0,433.0,0.0,0.10438745240509295
3544400,2022,92.33,90.11,99.97,100.0,16.55,145.6,21.29,20.37,1095.0,1081.0,0.0,93.23638234797329,102.0,542.0,0.0,0.0676361765202671
3553302,2022,89.02,89.02,99.91,100.0,2.71,446.9,188.0,186.0,9252.0,9246.0,359944.95,93.73402153337513,86.0,558.0,0.013566437685114958,0.06180971460221139
3553807,2022,81.55,84.74,100.0,100.0,17.6,148.8,136.16,87.34,8721.0,8508.0,0.0,88.72105316152592,245.0,399.0,0.0,0.1127894683847408
3554300,2022,84.77,84.22,97.88,100.0,19.57,161.1,82.45,74.27,8591.0,8521.0,0.0,88.71505584149412,246.0,398.0,0.0,0.11284944158505883
3503406,2022,64.48,58.23,93.42,100.0,24.05,225.0,48.64,35.94,3231.0,2896.0,0.0,74.66285828037061,485.0,159.0,0.0,0.25337141719629386
3512704,2022,69.27,60.1,80.0,100.0,23.0,308.1,23.0,20.0,1583.0,1193.0,0.0,73.31159193315612,496.0,148.0,0.0,0.2668840806684387
3514304,2022,94.44,92.69,98.06,100.0,29.26,183.2,44.5,36.81,3885.0,3805.0,0.0,92.44885901625035,127.0,517.0,0.0,0.07551140983749649
3521606,2022,70.5,70.5,63.75,100.0,46.12,278.4,38.61,38.61,2612.0,2478.0,30451.02,69.4988673413659,540.0,104.0,0.0011477084628585268,0.30466126250555015
3525508,2022,67.26,63.27,71.97,97.85,19.61,191.7,88.9,41.13,4565.0,4162.0,0.0,71.54652083026556,516.0,128.0,0.0,0.2845347916973444
3525854,2022,99.87,99.87,72.22,100.0,16.67,160.0,33.9,11.82,1043.0,669.0,262173.0,91.03462317925619,173.0,471.0,0.009881382325879677,0.0887678650468246
3532157,2022,88.68,88.68,80.0,100.0,38.0,196.3,18.0,18.0,994.0,1095.0,0.0,84.2820086617615,352.0,292.0,0.0,0.15717991338238502
3534104,2022,94.45,94.17,100.0,100.0,16.95,154.3,31.33,29.54,2425.0,2395.0,0.0,94.83967285757923,59.0,585.0,0.0,0.05160327142420773
3536406,2022,94.78,46.41,34.37,94.55,0.0,290.7,62.0,50.0,3380.0,1370.0,0.0,67.2604565288179,557.0,87.0,0.0,0.327395434711821
3553104,2022,100.0,100.0,93.53,100.0,20.71,204.2,25.0,27.0,2200.0,2200.0,0.0,95.84219309340234,34.0,610.0,0.0,0.04157806906597661
3555901,2022,63.81,63.09,99.95,100.0,10.13,212.6,9.87,6.17,571.0,568.0,0.0,79.07216174236488,429.0,215.0,0.0,0.20927838257635112
3501152,2022,74.89,56.73,61.01,100.0,43.87,163.4,60.2,35.15,5410.0,3886.0,0.0,66.74085336125741,561.0,83.0,0.0,0.33259146638742587
3502101,2022,92.84,91.9,34.81,100.0,28.41,178.7,326.0,316.0,23645.0,24354.0,0.0,76.35592540780583,464.0,180.0,0.0,0.23644074592194175
3508900,2022,85.32,76.29,92.14,100.0,15.48,160.7,36.33,16.77,1608.0,1426.0,0.0,85.90038967533441,315.0,329.0,0.0,0.1409961032466559
3512100,2022,83.2,81.05,97.25,100.0,22.06,173.5,26.05,28.27,2387.0,2309.0,0.0,86.99041560962937,291.0,353.0,0.0,0.13009584390370632
3513801,2022,100.0,97.49,77.01,72.22,33.71,137.8,848.89,525.72,115170.0,110258.0,0.0,83.3431969818347,371.0,273.0,0.0,0.166568030181653
3522406,2022,86.13,75.95,88.06,100.0,41.75,133.4,464.95,271.16,32374.0,28147.0,0.0,81.77742542617318,394.0,250.0,0.0,0.18222574573826822
3524006,2022,80.53,71.14,75.18,100.0,22.37,189.9,270.55,83.85,21005.0,18426.0,0.0,78.20614893758996,436.0,208.0,0.0,0.2179385106241004
3527900,2022,80.31,78.24,100.0,100.0,27.99,159.6,20.13,14.45,1061.0,1034.0,0.0,85.39712444058338,327.0,317.0,0.0,0.14602875559416617
3531209,2022,90.24,45.42,22.27,0.0,24.1,534.9,80.0,24.0,3163.0,1920.0,0.0,38.76828213679027,640.0,4.0,0.0,0.6123171786320973
3549508,2022,100.0,100.0,94.5,100.0,39.83,237.4,23.5,23.5,3383.0,3383.0,0.0,93.71040136490329,89.0,555.0,0.0,0.06289598635096705
3554953,2022,50.46,39.1,87.64,0.0,48.89,193.9,22.7,14.35,1833.0,801.0,0.0,39.06716415312887,639.0,5.0,0.0,0.6093283584687113
3555109,2022,98.84,98.84,91.31,100.0,11.63,261.0,72.0,70.0,6269.0,6015.0,0.0,95.7979352500624,35.0,609.0,0.0,0.04202064749937606
3500501,2022,100.0,99.39,86.91,87.34,40.03,216.6,166.5,159.6,7785.0,6558.0,0.0,88.84776287594721,238.0,406.0,0.0,0.11152237124052788
3512605,2022,79.88,73.29,99.98,100.0,30.71,120.5,25.93,19.88,1665.0,1540.0,0.0,83.64748881132313,367.0,277.0,0.0,0.16352511188676866
3512803,2022,92.01,92.01,98.07,0.0,35.18,191.6,170.0,192.0,18681.0,18320.0,0.0,68.64309985232157,543.0,101.0,0.0,0.31356900147678435
3514924,2022,100.0,100.0,90.31,100.0,48.59,133.5,17.0,17.0,1352.0,1338.0,0.0,91.59446527190173,152.0,492.0,0.0,0.08405534728098274
3534005,2022,81.07,80.34,90.42,100.0,12.59,169.5,12.56,10.67,1720.0,1707.0,0.0,85.70885386536571,323.0,321.0,0.0,0.14291146134634292
3536000,2022,84.99,83.14,100.0,100.0,11.5,168.6,63.32,57.35,4301.0,4238.0,0.0,90.01670148809336,206.0,438.0,0.0,0.09983298511906635
3553500,2022,49.39,46.55,92.09,100.0,29.33,154.5,42.17,22.93,2109.0,1891.0,0.0,66.44936647931515,566.0,78.0,0.0,0.3355063352068486
3503802,2022,100.0,89.86,68.69,100.0,30.11,151.5,175.78,168.5,17936.0,17600.0,0.0,85.93215033999327,314.0,330.0,0.0,0.14067849660006726
3507753,2022,85.89,71.46,83.17,100.0,15.09,165.4,13.56,10.09,1047.0,859.0,0.0,82.64526415920136,384.0,260.0,0.0,0.1735473584079864
3508603,2022,81.19,77.4,83.96,100.0,29.92,164.8,138.43,76.51,12323.0,11246.0,0.0,81.24082604856788,401.0,243.0,0.0,0.18759173951432118
3509106,2022,73.18,25.01,56.25,0.0,37.14,495.0,18.0,16.0,1914.0,1367.0,8478.0,35.4537300172784,643.0,1.0,0.00031953847024219844,0.6452564496635147
3518859,2022,100.0,74.59,42.44,30.0,10.03,474.1,48.0,46.0,3436.0,3398.0,15900.0,62.43958010100938,590.0,54.0,0.0005992759703763807,0.37537910841907907
3523602,2022,90.24,99.55,100.0,100.0,30.4,182.3,96.67,59.24,6933.0,4554.0,810933.64,93.40253545420903,97.0,547.0,0.030564342391311356,0.06395817380498874
3525102,2022,100.0,100.0,79.78,0.0,26.66,130.3,200.0,200.0,16947.0,16824.0,18650.41,69.50233128196318,539.0,105.0,0.0007029397830608399,0.30476230693404305
3527207,2022,95.32,94.46,92.4,100.0,32.54,162.0,272.08,212.35,32735.0,32107.0,0.0,91.35598527142643,165.0,479.0,0.0,0.08644014728573568
3531704,2022,35.55,32.48,89.02,100.0,34.65,188.3,15.42,10.82,997.0,797.0,0.0,57.52858649080706,605.0,39.0,0.0,0.42471413509192946
3533106,2022,91.47,88.73,99.98,100.0,20.32,162.9,8.86,11.79,928.0,923.0,0.0,92.17344403420734,135.0,509.0,0.0,0.0782655596579267
3540853,2022,66.95,92.51,100.0,100.0,10.51,119.7,9.76,8.76,634.0,627.0,0.0,87.56526337496882,274.0,370.0,0.0,0.12434736625031173
3547809,2022,100.0,100.0,77.97,61.47,31.2,165.8,2669.72,2579.55,231281.0,222072.0,0.0,82.15458760373001,390.0,254.0,0.0,0.17845412396269988
3552809,2022,100.0,97.32,72.84,87.13,14.36,140.9,460.34,375.99,82122.0,74241.0,0.0,87.98597071349757,268.0,376.0,0.0,0.12014029286502437
3553609,2022,83.71,82.06,87.8,100.0,40.85,167.9,50.85,49.2,4645.0,4488.0,0.0,82.74259514333085,380.0,264.0,0.0,0.17257404856669156
3502804,2022,98.07,96.7,99.57,100.0,29.29,213.5,979.41,947.97,78296.0,77170.0,0.0,94.8683709105211,58.0,586.0,0.0,0.05131629089478906
3504602,2022,92.61,92.61,51.6,100.0,0.06,201.0,161.33,161.33,17870.0,8999.0,0.0,84.11855562623299,355.0,289.0,0.0,0.15881444373767006
3510708,2022,93.93,89.81,100.0,100.0,12.38,188.4,88.5,80.95,5978.0,5812.0,0.0,94.12718856273634,70.0,574.0,0.0,0.058728114372636586
3511300,2022,74.75,74.75,100.0,100.0,15.77,239.9,80.25,80.25,5579.0,5379.0,0.0,84.45901888310483,349.0,295.0,0.0,0.1554098111689517
3513207,2022,73.66,73.66,89.25,100.0,28.76,204.2,47.0,47.0,3015.0,3015.0,307268.5,79.61963268443529,423.0,221.0,0.01158104581783616,0.20144341347898823
3515509,2022,96.61,95.95,98.71,100.0,12.67,202.7,372.97,347.91,32615.0,32789.0,0.0,96.11646987792048,29.0,615.0,0.0,0.03883530122079515
3525003,2022,100.0,90.68,59.34,47.28,44.86,133.8,262.0,165.35,37369.0,28258.0,0.0,70.30303816569258,529.0,115.0,0.0,0.2969696183430741
3528007,2022,95.07,95.07,83.92,100.0,60.74,173.5,114.4,91.56,6461.0,6372.0,0.0,85.86483785879479,316.0,328.0,0.0,0.14135162141205215
3535002,2022,92.84,91.56,98.49,100.0,11.62,168.7,68.0,82.0,4749.0,4630.0,0.0,94.00273319065121,72.0,572.0,0.0,0.05997266809348789
3535507,2022,93.65,92.92,99.75,100.0,16.55,163.6,218.73,207.48,16298.0,16162.0,0.0,94.28025965858578,65.0,579.0,0.0,0.057197403414142256
3540408,2022,89.19,86.89,99.98,100.0,16.3,176.3,27.01,23.0,1857.0,1811.0,0.0,91.55950476616825,155.0,489.0,0.0,0.08440495233831757
3540507,2022,79.08,32.17,41.5,100.0,33.47,224.5,155.22,26.52,5300.0,2251.0,0.0,58.00747514188621,603.0,41.0,0.0,0.4199252485811379
3541901,2022,88.63,84.95,71.97,84.98,15.2,144.8,32.91,14.46,3279.0,2727.0,0.0,80.81223426536738,409.0,235.0,0.0,0.19187765734632622
3543709,2022,77.74,77.74,92.06,0.0,0.0,252.0,50.77,50.77,3665.0,3452.0,318024.4,63.84872942206731,584.0,60.0,0.011986439051155111,0.3571794557652848
3553856,2022,66.2,35.76,59.87,100.0,30.03,126.7,30.29,12.89,1925.0,1034.0,0.0,60.305145777660485,595.0,49.0,0.0,0.39694854222339515
3556909,2022,97.72,97.72,96.73,100.0,16.95,157.1,47.3,47.3,2896.0,2896.0,138863.15,95.86815600390585,33.0,611.0,0.005233795532438422,0.041102187694466524
3506607,2022,53.84,49.04,69.04,99.79,29.63,137.3,143.31,71.4,7476.0,6551.0,0.0,62.5836863789333,589.0,55.0,0.0,0.374163136210667
3513009,2022,93.17,57.76,40.12,53.13,30.32,164.8,1377.0,490.47,80207.0,39480.0,0.0,58.21690867334652,602.0,42.0,0.0,0.41783091326653476
3519055,2022,100.0,100.0,100.0,100.0,19.87,336.1,56.27,48.4,4815.0,4673.0,0.0,97.53678703807009,11.0,633.0,0.0,0.02463212961929917
3521200,2022,44.96,42.51,99.97,100.0,29.86,155.1,16.65,16.09,1064.0,969.0,0.0,66.03860877840705,568.0,76.0,0.0,0.3396139122159295
3541406,2022,100.0,99.87,100.0,100.0,29.49,184.7,1291.66,1023.18,92037.0,91758.0,0.0,96.31040224377497,27.0,617.0,0.0,0.03689597756225027
3549102,2022,93.08,92.2,95.81,100.0,25.06,200.1,603.56,395.27,40036.0,39247.0,0.0,91.9110438770856,146.0,498.0,0.0,0.08088956122914392
3549904,2022,96.79,95.53,89.28,100.0,41.84,159.5,1865.77,1284.34,194434.0,184673.0,0.0,90.12299957493384,201.0,443.0,0.0,0.09877000425066162
3550605,2022,72.44,49.8,71.63,99.36,45.94,171.9,354.3,202.73,24116.0,16133.0,0.0,66.46863567267341,565.0,79.0,0.0,0.33531364327326585
3515350,2022,72.96,62.67,96.02,100.0,18.96,144.3,33.13,30.03,2490.0,2173.0,0.0,79.44447409500495,426.0,218.0,0.0,0.20555525904995053
3519501,2022,91.45,91.45,75.4,100.0,25.23,206.1,15.0,10.0,3479.0,3299.0,0.0,86.22471107929097,308.0,336.0,0.0,0.13775288920709028
3519808,2022,97.99,92.51,87.7,100.0,16.49,162.7,39.61,20.45,3037.0,2852.0,0.0,92.42472362096434,130.0,514.0,0.0,0.07575276379035656
3524600,2022,56.13,56.05,93.85,100.0,30.45,171.6,49.93,55.49,4936.0,4482.0,0.0,71.08788656926434,521.0,123.0,0.0,0.28912113430735653
3528403,2022,80.17,61.73,61.59,34.72,29.36,145.4,218.62,122.27,16227.0,12384.0,0.0,56.94361609668944,607.0,37.0,0.0,0.4305638390331056
3540705,2022,98.21,98.21,80.18,78.13,25.0,206.4,350.53,322.29,22585.0,22029.0,0.0,86.20553769466288,309.0,335.0,0.0,0.13794462305337118
3541802,2022,90.69,90.35,100.0,100.0,9.56,152.9,24.17,23.17,1404.0,1398.0,0.0,93.71706406124673,88.0,556.0,0.0,0.06282935938753265
3542701,2022,84.63,82.17,95.62,100.0,20.34,140.1,30.39,24.01,2280.0,2206.0,0.0,87.49171010269708,277.0,367.0,0.0,0.12508289897302916
3543600,2022,70.41,68.24,100.0,100.0,14.97,295.7,25.68,19.03,1994.0,1896.0,0.0,81.6583459361687,395.0,249.0,0.0,0.18341654063831303
3557105,2022,100.0,100.0,80.0,100.0,33.81,184.9,561.79,540.7,43238.0,42819.0,0.0,90.89227415976815,177.0,467.0,0.0,0.0910772584023185
3505005,2022,60.66,49.45,96.0,100.0,26.78,145.2,20.97,21.24,1184.0,977.0,0.0,71.61259832841498,515.0,129.0,0.0,0.2838740167158502
3505302,2022,100.0,100.0,72.13,20.05,16.81,223.2,260.0,220.0,15299.0,15299.0,0.0,73.29842519849164,497.0,147.0,0.0,0.26701574801508354
3515707,2022,96.97,90.35,67.47,57.94,24.96,123.8,345.21,275.19,52196.0,43717.0,0.0,76.20963653346449,466.0,178.0,0.0,0.23790363466535513
3518602,2022,99.33,100.0,99.99,100.0,22.79,166.1,183.85,137.02,14660.0,14972.0,0.0,96.98618920184244,22.0,622.0,0.0,0.03013810798157568
3523701,2022,83.53,78.79,91.88,100.0,26.59,146.4,24.17,19.02,2130.0,2021.0,0.0,84.61239604681141,342.0,302.0,0.0,0.1538760395318859
3524402,2022,99.36,98.62,86.63,86.57,33.42,168.2,827.59,659.65,80157.0,77321.0,0.0,89.04905344251438,226.0,418.0,0.0,0.10950946557485619
3543303,2022,84.85,78.27,65.32,78.61,33.38,135.1,596.06,374.79,33140.0,27330.0,0.0,72.71977117280308,504.0,140.0,0.0,0.2728022882719692
3544301,2022,86.85,84.86,96.08,100.0,24.66,146.3,42.4,30.25,3687.0,3574.0,0.0,88.38604765556539,256.0,388.0,0.0,0.11613952344434608
3545506,2022,76.98,74.9,100.0,100.0,20.41,165.5,17.33,19.46,1155.0,1142.0,0.0,84.54244599893723,345.0,299.0,0.0,0.1545755400106278
3549201,2022,78.18,77.21,99.99,100.0,10.43,172.7,21.97,14.7,1005.0,988.0,0.0,86.7116823425045,298.0,346.0,0.0,0.13288317657495496
3549953,2022,42.92,27.71,57.01,100.0,35.23,177.9,35.37,34.59,3767.0,2227.0,0.0,50.39447075521489,624.0,20.0,0.0,0.49605529244785107
3551009,2022,93.31,82.18,74.5,100.0,47.56,165.3,901.86,397.28,85691.0,69738.0,0.0,81.33991964146125,398.0,246.0,0.0,0.18660080358538744
3551504,2022,100.0,100.0,99.84,90.05,75.03,148.3,123.0,123.0,16581.0,16521.0,0.0,88.44835628741825,251.0,393.0,0.0,0.1155164371258175
3552403,2022,98.82,98.82,80.42,29.48,35.45,152.6,846.15,719.8,92671.0,88292.0,0.0,74.4861914162192,487.0,157.0,0.0,0.25513808583780806
3500204,2022,76.14,76.05,100.0,100.0,9.72,204.1,27.94,33.6,1854.0,1852.0,0.0,85.93350083442866,313.0,331.0,0.0,0.14066499165571344
3503208,2022,96.98,97.27,100.0,100.0,37.14,229.1,1519.3,1274.79,106184.0,105705.0,0.0,93.84640561664024,79.0,565.0,0.0,0.06153594383359762
3510609,2022,100.0,89.9,58.94,56.64,35.22,134.3,712.18,473.87,107566.0,79550.0,0.0,73.27677970045265,499.0,145.0,0.0,0.26723220299547346
3514700,2022,84.56,82.21,97.62,100.0,19.83,166.5,32.35,24.76,2403.0,2322.0,0.0,88.03753429473139,266.0,378.0,0.0,0.1196246570526861
3514809,2022,47.52,46.75,94.5,100.0,23.93,160.6,38.6,30.09,3215.0,3044.0,0.0,67.24368224958768,558.0,86.0,0.0,0.3275631775041232
3519105,2022,84.36,75.92,80.0,100.0,37.8,293.1,74.91,67.23,4741.0,4613.0,0.0,79.78617920813593,418.0,226.0,0.0,0.20213820791864068
3520301,2022,58.62,52.95,83.58,100.0,22.87,194.3,170.67,99.55,11318.0,9047.0,0.0,69.38814816778252,541.0,103.0,0.0,0.30611851832217485
3522802,2022,75.44,63.2,93.82,100.0,24.43,139.3,79.08,55.16,5401.0,4533.0,0.0,79.05254567339387,430.0,214.0,0.0,0.2094745432660613
3527801,2022,89.53,89.25,99.99,100.0,22.96,129.5,21.53,19.8,1514.0,1484.0,0.0,91.44491817990146,160.0,484.0,0.0,0.08555081820098531
3532405,2022,39.16,15.97,22.65,99.67,28.2,227.9,103.3,24.63,4704.0,1435.0,0.0,38.64659976826329,641.0,3.0,0.0,0.613534002317367
3546306,2022,96.87,96.87,100.0,0.0,0.03,182.1,172.0,88.0,11621.0,11621.0,74080.0,76.08992906132345,467.0,177.0,0.002792098357577502,0.2384331166887911
3548302,2022,88.23,80.67,97.31,100.0,8.16,172.1,22.58,17.7,1433.0,1315.0,0.0,90.02698878028652,205.0,439.0,0.0,0.09973011219713479
3557154,2022,70.02,65.68,99.99,100.0,15.05,189.8,15.79,11.83,1122.0,1063.0,0.0,80.87146374799869,408.0,236.0,0.0,0.19128536252001316
3503950,2022,78.28,78.45,100.0,100.0,20.62,162.4,10.61,9.97,697.0,694.0,0.0,85.80137194125865,318.0,326.0,0.0,0.14198628058741347
3508801,2022,93.46,93.46,97.39,0.0,17.77,235.9,127.57,127.32,7184.0,7098.0,0.0,71.41438497907386,517.0,127.0,0.0,0.28585615020926136
3514205,2022,93.34,91.57,99.99,100.0,16.64,188.9,15.17,14.88,1065.0,1048.0,0.0,93.89067902956481,76.0,568.0,0.0,0.06109320970435195
3517406,2022,100.0,100.0,100.0,100.0,38.97,244.6,223.15,184.14,16770.0,16761.0,0.0,95.16902822715609,52.0,592.0,0.0,0.04830971772843906
3518909,2022,93.36,91.29,100.0,100.0,16.68,153.4,25.52,30.48,1805.0,1779.0,0.0,93.82087578259282,81.0,563.0,0.0,0.061791242174071837
3520004,2022,98.43,98.43,86.54,100.0,46.7,491.7,168.0,154.0,9450.0,9476.0,0.0,90.05726133014352,203.0,441.0,0.0,0.09942738669856477
3521150,2022,52.61,52.61,92.4,100.0,7.19,298.4,29.0,29.0,1762.0,1762.0,0.0,71.74174892397953,514.0,130.0,0.0,0.2825825107602047
3526209,2022,38.95,15.18,39.68,100.0,21.7,242.3,119.4,30.6,6755.0,2347.0,0.0,43.44813075939818,634.0,10.0,0.0,0.5655186924060182
3528858,2022,100.0,100.0,90.03,100.0,11.14,190.5,250.0,200.0,1500.0,1500.0,41067.67,96.16817817947289,28.0,616.0,0.0015478533201476086,0.03825890722399998
3529906,2022,45.29,42.93,88.49,100.0,33.85,180.8,85.88,48.32,5214.0,4497.0,0.0,62.92293636430468,586.0,58.0,0.0,0.3707706363569532
3530508,2022,88.52,85.91,90.99,100.0,29.82,173.6,408.21,173.85,26993.0,26158.0,0.0,87.23238070594479,284.0,360.0,0.0,0.1276761929405521
3533601,2022,99.72,99.72,85.57,100.0,11.47,157.9,43.27,40.02,3247.0,3247.0,0.0,94.88025043695924,57.0,587.0,0.0,0.05119749563040754
3536570,2022,60.05,58.18,94.04,100.0,14.87,172.8,7.07,7.96,642.0,614.0,0.0,74.70940521286063,484.0,160.0,0.0,0.25290594787139364
3536901,2022,59.35,57.98,100.0,100.0,17.66,191.8,25.69,14.31,858.0,842.0,0.0,75.58209654275652,475.0,169.0,0.0,0.24417903457243484
3539004,2022,99.95,99.95,82.56,100.0,24.59,183.2,78.0,73.0,4414.0,4401.0,60962.86,92.63764348087335,123.0,521.0,0.002297709250529525,0.07345439964446951
3548104,2022,54.47,53.66,100.0,100.0,20.8,167.0,21.24,20.39,1622.0,1578.0,0.0,72.71282564385211,505.0,139.0,0.0,0.2728717435614789
3551603,2022,78.02,65.47,81.31,100.0,22.79,204.5,126.32,103.08,9962.0,7827.0,0.0,77.48815961878907,445.0,199.0,0.0,0.22511840381210935
3551801,2022,56.89,46.47,73.84,100.0,20.98,165.3,75.67,22.6,3608.0,2908.0,0.0,65.06128937418111,574.0,70.0,0.0,0.3493871062581888
3556107,2022,90.66,90.54,99.95,100.0,11.83,172.8,79.55,59.39,5782.0,5773.0,0.0,93.46447433733677,96.0,548.0,0.0,0.06535525662663233
3556206,2022,93.49,89.03,98.13,100.0,44.24,164.8,727.41,634.69,39690.0,37874.0,0.0,89.3927135394568,214.0,430.0,0.0,0.10607286460543197
3500303,2022,99.41,97.58,83.86,50.47,66.99,127.3,121.75,117.87,12177.0,11803.0,0.0,75.92762433375272,470.0,174.0,0.0,0.2407237566624728
3500550,2022,72.2,50.01,73.33,100.0,37.34,221.3,38.5,27.26,3011.0,2078.0,0.0,68.0828264350766,549.0,95.0,0.0,0.31917173564923407
3503158,2022,78.07,63.56,82.41,100.0,24.95,141.4,20.56,7.24,1034.0,816.0,0.0,77.00768009252582,455.0,189.0,0.0,0.2299231990747418
3503703,2022,95.37,95.37,93.93,100.0,23.28,168.2,30.9,30.9,3095.0,3095.0,45005.4,93.13070714010517,105.0,539.0,0.0016962675947910166,0.06857640701017458
3511904,2022,95.63,95.63,82.26,100.0,0.7,182.2,30.0,30.0,3046.0,3046.0,263546.01,93.2010333234016,104.0,540.0,0.009933131501985744,0.06731431646522124
3514106,2022,98.61,98.61,99.27,100.0,52.63,163.5,146.87,144.98,10376.0,9985.0,0.0,92.54829317975101,126.0,518.0,0.0,0.07451706820248982
3518701,2022,88.18,72.11,69.86,100.0,40.26,204.0,901.95,475.39,71029.0,53273.0,0.0,77.05855991847189,453.0,191.0,0.0,0.2294144008152812
3518800,2022,99.14,91.07,70.45,19.33,47.0,126.9,2715.0,2075.54,435505.0,394309.0,0.0,66.42024526455145,567.0,77.0,0.0,0.3357975473544854
3520103,2022,95.26,95.26,94.16,100.0,24.5,172.2,110.62,89.87,11359.0,11187.0,0.0,92.97682026776202,111.0,533.0,0.0,0.07023179732237983
3530003,2022,51.5,50.9,100.0,100.0,12.3,249.7,25.03,17.47,1244.0,1182.0,0.0,72.22314508143816,509.0,135.0,0.0,0.27776854918561833
3534500,2022,75.26,74.78,100.0,100.0,17.16,171.2,16.86,13.52,989.0,970.0,0.0,84.43621403899539,350.0,294.0,0.0,0.15563785961004617
3540754,2022,99.75,99.75,77.72,0.0,76.58,44.7,36.0,34.0,5595.0,5358.0,0.0,62.67302060107707,588.0,56.0,0.0,0.3732697939892293
3547106,2022,94.08,76.39,95.13,100.0,17.19,186.2,22.18,22.63,1367.0,1138.0,0.0,88.88337515292677,236.0,408.0,0.0,0.11116624847073231
3503356,2022,50.05,49.61,100.0,100.0,5.84,199.8,10.55,9.59,576.0,566.0,0.0,72.28541446742248,508.0,136.0,0.0,0.2771458553257752
3508306,2022,98.37,98.37,100.0,100.0,29.62,140.3,44.66,41.0,1537.0,1430.0,0.0,95.45107554491004,43.0,601.0,0.0,0.045489244550899643
3512308,2022,74.35,63.96,93.09,100.0,17.46,167.5,93.07,65.24,5936.0,5079.0,0.0,79.63205100269207,422.0,222.0,0.0,0.2036794899730794
3513850,2022,80.0,77.35,100.0,100.0,10.77,190.1,13.09,9.82,705.0,682.0,0.0,87.21410381530947,285.0,359.0,0.0,0.12785896184690526
3519402,2022,94.42,93.16,94.8,100.0,14.2,195.9,79.27,44.83,5041.0,4979.0,0.0,93.63116019401176,92.0,552.0,0.0,0.06368839805988247
3520806,2022,90.54,89.57,99.99,100.0,13.69,162.9,24.26,18.0,1454.0,1448.0,0.0,92.95798097696219,112.0,532.0,0.0,0.07042019023037804
3534203,2022,92.38,92.15,88.44,100.0,19.92,160.1,20.04,13.92,2376.0,2364.0,0.0,90.52902650865192,189.0,455.0,0.0,0.09470973491348078
3539301,2022,91.5,91.5,98.72,100.0,35.85,217.6,547.0,497.0,31512.0,31512.0,0.0,90.66763733057661,186.0,458.0,0.0,0.09332362669423389
3545308,2022,89.71,61.1,68.48,100.0,35.75,166.9,317.92,137.76,18636.0,12807.0,0.0,74.8385724971085,482.0,162.0,0.0,0.251614275028915
3547650,2022,69.54,67.05,99.98,100.0,16.37,181.6,14.29,11.77,622.0,589.0,0.0,80.92849549882342,407.0,237.0,0.0,0.19071504501176573
3551405,2022,83.86,57.12,72.65,100.0,21.12,183.6,39.74,23.31,3350.0,3245.0,0.0,75.01621952876494,479.0,165.0,0.0,0.24983780471235062
3552700,2022,98.75,98.75,80.0,99.82,28.66,180.1,63.5,63.5,5884.0,5799.0,40000.0,90.81812550551177,181.0,463.0,0.0015076125040915237,0.0916803178568934
3506409,2022,91.84,91.84,100.0,0.0,25.86,161.8,30.0,30.0,3820.0,3405.0,312064.0,70.18143128603207,531.0,113.0,0.011761789711920432,0.2946784897924379
3520400,2022,74.87,53.11,54.44,100.0,17.87,333.1,140.04,87.64,13155.0,8139.0,0.0,67.40140692845623,555.0,89.0,0.0,0.3259859307154378
3527702,2022,91.04,90.24,100.0,100.0,15.97,156.4,25.48,20.14,1916.0,1913.0,0.0,92.99106230825606,108.0,536.0,0.0,0.07008937691743933
3528502,2022,51.26,33.45,33.06,74.61,35.29,148.9,395.13,98.84,20829.0,7802.0,0.0,42.66826733503852,635.0,9.0,0.0,0.5733173266496148
3529401,2022,89.71,100.0,93.44,96.18,46.72,132.8,709.99,615.28,117785.0,117935.0,0.0,88.88776537389165,235.0,409.0,0.0,0.11112234626108342
3535903,2022,99.88,97.92,100.0,100.0,17.4,164.0,31.13,29.66,1741.0,1731.0,0.0,97.26839863121745,16.0,628.0,0.0,0.027316013687825436
3536604,2022,98.39,97.12,86.69,100.0,14.02,209.3,41.99,30.63,3350.0,3291.0,0.0,93.79336400452569,82.0,562.0,0.0,0.06206635995474319
3539103,2022,84.51,71.43,52.02,26.13,38.48,127.8,89.89,45.22,5542.0,3741.0,0.0,55.281572749560326,617.0,27.0,0.0,0.44718427250439674
3540903,2022,92.42,92.42,98.67,100.0,28.57,216.2,60.0,60.0,6550.0,6350.0,0.0,92.05283765345823,138.0,506.0,0.0,0.0794716234654177
3546207,2022,100.0,65.47,97.92,100.0,56.83,195.8,42.0,42.0,2058.0,1833.0,0.0,83.45851218373488,369.0,275.0,0.0,0.1654148781626512
3502309,2022,65.42,61.3,100.0,100.0,26.93,174.5,42.57,34.87,2259.0,2122.0,0.0,76.98336888685814,456.0,188.0,0.0,0.2301663111314185
3505104,2022,81.97,81.97,80.67,100.0,11.48,152.7,55.0,56.0,2321.0,2285.0,10880.0,84.1239117571285,354.0,290.0,0.00041007060111289444,0.15869577925822426
3506706,2022,77.05,77.05,85.71,66.67,63.16,95.9,60.0,45.0,4200.0,3800.0,350000.0,68.90233982319205,542.0,102.0,0.013191609410800833,0.3068743199016568
3507001,2022,84.38,73.41,86.85,100.0,14.19,180.7,305.59,248.37,24680.0,21455.0,0.0,83.74932213110712,365.0,279.0,0.0,0.16250677868892882
3511607,2022,77.29,61.41,79.27,100.0,11.72,164.7,109.71,59.66,6481.0,5171.0,0.0,77.09969828415943,451.0,193.0,0.0,0.22900301715840565
3516309,2022,90.41,69.56,40.47,0.19,46.36,111.8,401.39,236.31,52209.0,27262.0,0.0,46.85373950160651,630.0,14.0,0.0,0.5314626049839348
3521309,2022,100.0,100.0,83.45,100.0,3.56,375.2,91.09,82.49,6755.0,6725.0,0.0,95.49034125983461,42.0,602.0,0.0,0.0450965874016539
3531308,2022,100.0,99.65,100.0,100.0,14.51,182.5,300.37,260.92,20804.0,20660.0,0.0,98.11017242104609,6.0,638.0,0.0,0.018898275789539176
3534757,2022,94.87,92.94,99.99,100.0,15.3,178.7,103.14,73.83,4685.0,4589.0,0.0,94.83839264589302,60.0,584.0,0.0,0.051616073541069785
3535101,2022,97.61,97.52,99.78,100.0,9.83,138.6,47.67,38.95,3667.0,3666.0,0.0,97.41794529233783,13.0,631.0,0.0,0.025820547076621625
3536703,2022,89.32,86.58,100.0,100.0,31.51,177.2,180.3,205.86,17633.0,17109.0,0.0,89.63434578328147,209.0,435.0,0.0,0.10365654216718523
3546405,2022,93.48,91.29,93.75,100.0,39.67,181.7,227.67,157.16,19699.0,19105.0,0.0,89.4678477138966,213.0,431.0,0.0,0.10532152286103402
3547601,2022,94.33,92.39,96.74,100.0,25.78,160.5,127.84,96.41,10195.0,9975.0,0.0,92.4471512076142,128.0,516.0,0.0,0.07552848792385802
3553005,2022,88.7,86.86,98.15,100.0,6.75,130.7,44.41,37.75,4465.0,4351.0,0.0,92.14958011560361,136.0,508.0,0.0,0.07850419884396387
3518107,2022,100.0,100.0,100.0,92.68,7.32,418.0,10.0,10.0,2481.0,2442.0,109160.02,97.46589906653278,12.0,632.0,0.004114275277472021,0.025236749446460375
3528304,2022,82.94,81.71,99.99,100.0,13.51,178.0,25.06,26.55,1307.0,1282.0,0.0,88.82337878623186,239.0,405.0,0.0,0.11176621213768145
3530904,2022,82.29,78.21,84.86,100.0,13.23,181.3,13.57,8.89,1364.0,1248.0,0.0,84.0474694987683,357.0,287.0,0.0,0.1595253050123171
3532702,2022,90.82,87.43,97.9,100.0,13.37,160.4,20.03,20.63,2014.0,1935.0,0.0,92.00482486081366,141.0,503.0,0.0,0.07995175139186339
3536109,2022,58.88,48.69,91.64,100.0,38.93,190.3,56.21,30.41,2588.0,2139.0,0.0,68.3422962094545,546.0,98.0,0.0,0.316577037905455
3536505,2022,100.0,100.0,82.32,100.0,22.4,193.1,492.94,232.35,39518.0,38313.0,0.0,92.87703594291445,115.0,529.0,0.0,0.07122964057085557
3538303,2022,72.73,71.72,98.09,100.0,11.38,163.4,17.55,12.19,1321.0,1276.0,0.0,83.18401536944971,373.0,271.0,0.0,0.16815984630550285
3538501,2022,94.0,78.49,85.01,0.0,13.92,172.1,35.0,29.0,4486.0,3546.0,0.0,65.10303451682617,573.0,71.0,0.0,0.34896965483173825
3543105,2022,69.42,69.12,98.28,100.0,29.8,158.3,16.51,14.38,1437.0,1417.0,0.0,79.35103059094422,427.0,217.0,0.0,0.20648969409055784
3556958,2022,84.06,83.84,100.0,100.0,14.29,176.5,8.4,8.22,698.0,697.0,0.0,89.59458657835876,210.0,434.0,0.0,0.10405413421641241
3504503,2022,88.55,85.57,98.85,100.0,30.16,162.7,427.03,347.97,36544.0,35335.0,0.0,89.04224838181098,227.0,417.0,0.0,0.10957751618189027
3510005,2022,100.0,100.0,97.95,100.0,12.31,191.5,277.0,274.0,12616.0,12459.0,0.0,97.97004011136794,8.0,636.0,0.0,0.020299598886320602
3516101,2022,76.14,74.34,99.54,100.0,20.77,255.5,15.98,18.46,1222.0,1196.0,0.0,84.00562923349175,359.0,285.0,0.0,0.1599437076650826
3517505,2022,99.78,99.78,85.02,100.0,19.78,191.5,64.2,54.3,8104.0,7442.0,0.0,93.74717146818547,85.0,559.0,0.0,0.06252828531814525
3519071,2022,93.15,91.73,93.52,100.0,26.17,154.6,653.85,513.83,78032.0,74782.0,0.0,91.10765997361926,171.0,473.0,0.0,0.0889234002638074
3531506,2022,99.9,99.63,85.0,35.0,34.48,215.8,135.0,130.0,7529.0,7509.0,0.0,77.46981374600625,446.0,198.0,0.0,0.22530186253993745
3532801,2022,83.09,83.09,66.97,99.4,57.55,156.6,28.95,28.95,2857.0,2823.0,0.0,75.51432460777573,476.0,168.0,0.0,0.2448567539222427
3532900,2022,95.99,100.0,73.68,100.0,0.36,219.8,28.0,29.0,3746.0,3891.0,98642.21,92.37119482165106,131.0,513.0,0.003717855730680549,0.07600442381298371
3534609,2022,97.48,95.67,100.0,100.0,14.39,164.1,179.15,143.45,13137.0,13041.0,0.0,96.38922411650148,24.0,620.0,0.0,0.03610775883498518
3540804,2022,100.0,100.0,100.0,80.0,67.6,124.5,255.0,105.0,7285.0,7244.0,0.0,87.17542489493847,287.0,357.0,0.0,0.1282457510506153
3548203,2022,49.92,28.29,51.5,100.0,24.39,218.7,35.48,9.88,2211.0,1179.0,0.0,52.47964734685634,621.0,23.0,0.0,0.4752035265314366
3552908,2022,84.07,81.88,99.98,100.0,15.19,149.5,29.51,28.54,2377.0,2362.0,0.0,88.97086062807105,231.0,413.0,0.0,0.11029139371928953
3555703,2022,82.41,81.85,99.97,100.0,8.92,182.0,7.59,7.06,610.0,600.0,0.0,89.27663911409893,219.0,425.0,0.0,0.10723360885901068
3500600,2022,100.0,100.0,95.93,100.0,18.95,473.9,59.79,39.49,2461.0,2304.0,0.0,96.65034451148506,23.0,621.0,0.0,0.033496554885149354
3501608,2022,100.0,100.0,100.0,81.9,53.31,178.9,984.58,913.77,82413.0,81131.0,0.0,89.36912740030002,215.0,429.0,0.0,0.10630872599699981
3501707,2022,100.0,100.0,100.0,0.0,10.0,243.1,120.0,110.0,11657.0,11624.0,800000.0,76.53811347886992,462.0,182.0,0.030152250081830475,0.2275445785135344
3507803,2022,100.0,100.0,93.62,100.0,8.31,253.5,130.0,112.0,9887.0,9588.0,0.0,97.40150071785341,14.0,630.0,0.0,0.025984992821465935
3512902,2022,100.0,100.0,42.96,100.0,11.97,427.9,70.0,68.0,3502.0,3502.0,0.0,84.49448958248655,347.0,297.0,0.0,0.15505510417513446
3557303,2022,100.0,88.92,98.71,0.0,36.88,127.1,66.71,45.58,3970.0,3808.0,0.0,70.00562250422323,532.0,112.0,0.0,0.2999437749577677
3519204,2022,80.95,79.5,99.99,100.0,21.69,165.9,37.59,34.6,2294.0,2250.0,0.0,86.68134582426765,299.0,345.0,0.0,0.13318654175732347
3536802,2022,20.02,18.42,62.49,84.07,25.33,198.9,20.87,9.07,828.0,653.0,0.0,40.648753682829174,637.0,7.0,0.0,0.5935124631717082
3537107,2022,98.1,97.94,80.0,99.0,51.41,141.4,338.03,281.51,16331.0,15878.0,1708419.74,87.42429346381854,279.0,365.0,0.06439087405651975,0.1176594580043844
3539509,2022,96.31,100.0,95.97,0.0,30.0,480.4,125.5,125.5,12417.0,12417.0,1627812.55,72.04286976658237,511.0,133.0,0.06135276386742772,0.2624188302379583
3539905,2022,88.39,87.88,99.17,100.0,16.17,175.4,31.17,22.26,2443.0,2450.0,0.0,91.41183880735392,163.0,481.0,0.0,0.08588161192646082
3541653,2022,37.8,19.65,60.34,100.0,29.55,254.9,31.61,6.75,930.0,514.0,0.0,48.39728647886428,628.0,16.0,0.0,0.5160271352113572
3543006,2022,67.24,46.84,86.45,90.01,31.98,127.0,90.7,67.15,5443.0,3639.0,0.0,67.54945986701905,552.0,92.0,0.0,0.32450540132980943
3548401,2022,100.0,100.0,100.0,100.0,19.0,153.5,19.22,17.98,1673.0,1665.0,0.0,97.64463783207506,9.0,635.0,0.0,0.023553621679249348
3554656,2022,100.0,69.21,77.52,100.0,29.06,215.5,45.96,19.68,1440.0,940.0,0.0,82.85950870164346,378.0,266.0,0.0,0.17140491298356542
3554706,2022,83.27,81.83,82.04,100.0,45.87,171.6,73.32,6.6,3669.0,3580.0,0.0,80.52225260007818,413.0,231.0,0.0,0.1947774739992183
3500907,2022,82.61,81.43,96.86,100.0,10.95,166.4,13.19,12.9,1236.0,1227.0,0.0,88.20676365035722,261.0,383.0,0.0,0.11793236349642777
3507704,2022,88.97,87.47,91.0,100.0,10.61,176.9,22.14,22.14,2338.0,2338.0,0.0,90.14719815733329,200.0,444.0,0.0,0.09852801842666703
3515202,2022,82.88,81.63,98.43,100.0,10.71,173.9,49.5,39.12,3431.0,3301.0,0.0,88.7495160595947,242.0,402.0,0.0,0.11250483940405298
3516606,2022,74.59,73.21,99.98,100.0,23.15,171.7,25.24,26.0,2264.0,2219.0,0.0,83.09404605388127,376.0,268.0,0.0,0.16905953946118724
3518206,2022,99.92,92.47,99.63,100.0,38.1,181.3,141.15,141.53,12742.0,12641.0,1060137.93,93.20429074284493,103.0,541.0,0.03995692998324261,0.0652417357818045
3536307,2022,95.78,95.78,85.83,100.0,57.47,139.5,80.0,80.0,5194.0,5194.0,0.0,87.12174931162897,288.0,356.0,0.0,0.1287825068837103
3538600,2022,67.08,55.27,59.73,98.12,32.92,183.3,166.16,78.22,9113.0,7048.0,0.0,64.81595858803152,578.0,66.0,0.0,0.3518404141196848
3538907,2022,100.0,100.0,65.7,0.0,8.68,131.0,107.0,94.5,9513.0,8998.0,56143.47,68.27008741607995,547.0,97.0,0.0021160649348771834,0.316627700285145
3543402,2022,99.73,99.72,96.71,100.0,43.64,272.2,2397.88,2080.11,209664.0,208907.0,20084692.24,93.63347527078135,91.0,553.0,0.7569983290463498,0.015470761473678697
3551702,2022,99.61,99.61,80.0,100.0,47.63,221.8,573.18,472.46,51798.0,51817.0,0.0,88.96921445900098,232.0,412.0,0.0,0.11030785540999022
3552551,2022,64.94,64.94,41.15,100.0,16.78,270.4,15.0,15.0,1189.0,1180.0,0.0,64.58886982187938,581.0,63.0,0.0,0.3541113017812062
3502903,2022,100.0,43.03,27.65,100.0,21.8,184.3,506.59,85.33,15565.0,5195.0,0.0,64.6880234474377,579.0,65.0,0.0,0.35311976552562296
3508207,2022,80.12,79.73,100.0,100.0,27.78,179.1,24.58,20.01,1703.0,1687.0,0.0,85.75808434404031,320.0,324.0,0.0,0.14241915655959692
3515301,2022,77.73,76.62,99.97,100.0,16.13,158.7,14.36,13.84,947.0,933.0,0.0,85.72160012223617,321.0,323.0,0.0,0.14278399877763837
3517901,2022,99.97,99.97,77.99,100.0,41.01,207.4,33.5,32.0,4773.0,4057.0,184379.4,89.4894737511326,212.0,432.0,0.006949317223422317,0.10437485267778905
3524709,2022,100.0,98.2,83.36,88.01,36.78,211.9,215.0,209.0,21961.0,20914.0,9099363.5,88.21722404567154,260.0,384.0,0.3429578547968503,0.07741780389480062
3526605,2022,88.38,76.32,72.56,100.0,22.82,153.5,39.7,19.47,2548.0,1890.0,0.0,81.03531902645706,404.0,240.0,0.0,0.18964680973542936
3532108,2022,64.22,56.25,65.0,100.0,1.64,318.8,16.1,16.0,1606.0,1583.0,8972.0,69.86724918786248,534.0,110.0,0.00033815748466772876,0.3012256119691677
3532843,2022,62.45,59.5,100.0,100.0,16.12,171.2,9.77,10.39,704.0,688.0,0.0,77.02985561746068,454.0,190.0,0.0,0.22970144382539315
3547403,2022,70.69,65.72,86.66,100.0,14.08,263.4,14.0,14.0,1036.0,963.0,91854.43,77.91148287690655,439.0,205.0,0.0034620221806049892,0.22012046186876633
3550001,2022,47.16,44.2,88.3,100.0,32.95,165.5,32.01,16.23,3068.0,2817.0,0.0,63.8378454774106,585.0,59.0,0.0,0.36162154522589396
3555604,2022,96.85,96.85,98.75,0.0,20.35,183.5,15.0,15.0,4718.0,4621.0,0.0,73.25289369080005,500.0,144.0,0.0,0.26747106309199953
3504107,2022,82.06,56.2,96.17,83.7,49.5,166.1,623.69,402.0,45145.0,32970.0,2686645.43,72.91801960446861,503.0,141.0,0.10126050610820872,0.24339645354267297
3506102,2022,100.0,100.0,80.0,45.0,31.07,208.6,735.0,733.0,32253.0,31537.0,0.0,79.00971995544668,432.0,212.0,0.0,0.2099028004455331
3515004,2022,100.0,84.78,56.32,84.65,31.47,129.6,661.71,339.41,85537.0,60535.0,0.0,77.98975464637726,438.0,206.0,0.0,0.22010245353622737
3523107,2022,95.75,73.1,53.05,20.41,30.56,124.9,994.61,575.0,109681.0,72748.0,0.0,58.80303074589502,600.0,44.0,0.0,0.41196969254104976
3523206,2022,92.19,85.58,92.94,100.0,29.36,134.4,217.76,144.84,17902.0,16352.0,0.0,88.70258525169042,247.0,397.0,0.0,0.11297414748309575
3525904,2022,99.63,98.79,98.4,100.0,31.87,204.4,1994.77,1058.81,111680.0,108376.0,0.0,95.23821454937263,49.0,595.0,0.0,0.04761785450627376
3540259,2022,81.08,79.86,99.97,100.0,18.56,147.4,15.66,19.2,1495.0,1482.0,0.0,87.19424128511487,286.0,358.0,0.0,0.1280575871488513
3544608,2022,100.0,100.0,100.0,100.0,13.43,253.2,30.0,30.0,2379.0,2031.0,227784.87,98.33513084656676,4.0,640.0,0.008585282956371555,0.01650575780665687
3551900,2022,100.0,99.26,99.89,60.0,0.02,270.6,71.0,70.0,5200.0,5197.0,0.0,90.88903357038645,178.0,466.0,0.0,0.09110966429613554
3553658,2022,100.0,100.0,99.47,100.0,0.0,170.5,11.0,11.0,1033.0,1033.0,0.0,99.86971484759094,1.0,643.0,0.0,0.001302851524090598
3555307,2022,76.87,74.72,100.0,100.0,18.96,198.1,15.69,17.02,766.0,746.0,0.0,84.64479571843007,340.0,304.0,0.0,0.15355204281569923
3511201,2022,98.02,97.99,97.98,100.0,18.79,159.6,27.47,27.21,2827.0,2817.0,0.0,96.10094585887585,30.0,614.0,0.0,0.038990541411241586
3516853,2022,99.7,80.67,84.44,100.0,46.11,208.2,16.5,16.0,2123.0,2123.0,216210.2,85.34565378984253,328.0,316.0,0.00814903002580323,0.14534927502882375
3525706,2022,95.0,91.0,84.03,100.0,28.9,342.2,315.0,303.0,15934.0,15743.0,0.0,88.76045155827958,241.0,403.0,0.0,0.11239548441720415
3527603,2022,96.58,96.58,80.0,100.0,40.77,177.5,65.49,70.02,4762.0,4747.0,0.0,88.18930050594969,263.0,381.0,0.0,0.11810699494050314
3529609,2022,75.39,74.76,100.0,100.0,16.29,185.3,28.97,26.4,1677.0,1630.0,0.0,84.57498070664741,344.0,300.0,0.0,0.15425019293352593
3532306,2022,40.76,41.01,71.43,100.0,89.63,134.4,35.0,35.0,1310.0,1310.0,0.0,50.05612424840935,625.0,19.0,0.0,0.4994387575159065
3532827,2022,80.12,53.77,86.23,100.0,18.36,96.1,20.44,15.6,2267.0,1894.0,0.0,76.78575314724354,459.0,185.0,0.0,0.2321424685275646
3532868,2022,99.72,99.72,94.48,100.0,9.95,37.5,8.66,7.14,475.0,487.0,25326.0,97.25894489711892,17.0,627.0,0.0009545448569655482,0.027384386428299594
3534906,2022,85.25,62.81,82.97,100.0,1.61,140.1,66.0,58.0,4886.0,4158.0,3973.0,81.83849949886813,392.0,252.0,0.0001497436119688906,0.18158780932448054
3535705,2022,87.97,100.0,100.0,0.0,37.42,214.9,25.0,25.0,2248.0,2192.0,0.0,69.79645167902486,535.0,109.0,0.0,0.3020354832097515
3541505,2022,99.54,99.54,80.01,100.0,24.48,158.3,230.0,220.0,15656.0,15407.0,1289659.24,91.80383127837663,147.0,497.0,0.048607659906029284,0.07797772139870261
3546009,2022,50.38,47.25,96.6,4.4,45.71,178.0,58.56,48.1,4146.0,3653.0,0.0,44.74022294361696,631.0,13.0,0.0,0.5525977705638303
3551207,2022,79.32,75.49,92.68,100.0,11.99,160.4,14.72,11.96,1471.0,1398.0,0.0,84.59052174098507,343.0,301.0,0.0,0.1540947825901493
3553708,2022,94.0,94.0,97.85,100.0,24.06,226.0,277.3,277.3,25269.0,25265.0,4000000.0,93.26048876859218,100.0,544.0,0.15076125040915236,0.057234540910142455
3506300,2022,86.62,86.02,100.0,100.0,18.61,154.5,46.58,67.3,4226.0,4168.0,0.0,90.33760569200412,194.0,450.0,0.0,0.09662394307995881
3514403,2022,99.5,91.89,96.0,100.0,23.04,169.8,274.25,261.03,21098.0,20122.0,0.0,93.91127519541138,75.0,569.0,0.0,0.06088724804588619
3517000,2022,75.74,73.88,100.0,90.0,40.77,296.4,40.0,28.0,3432.0,3758.0,55903.91,79.18631904458306,428.0,216.0,0.0021070358435901796,0.20769825783606832
3522653,2022,50.3,44.05,84.12,100.0,24.53,148.0,16.73,9.62,1097.0,927.0,0.0,64.6875191864157,580.0,64.0,0.0,0.353124808135843
3525607,2022,84.19,84.19,32.44,100.0,30.62,587.2,30.0,30.0,1620.0,1457.0,0.0,71.08973998410808,520.0,124.0,0.0,0.2891026001589192
3526001,2022,82.02,82.02,53.48,100.0,0.14,598.4,195.0,177.0,11215.0,7820.0,0.0,78.8727199631914,433.0,211.0,0.0,0.21127280036808604
3534302,2022,96.4,96.4,84.6,100.0,64.6,199.2,198.55,197.6,15015.0,15015.0,0.0,86.26910636552594,306.0,338.0,0.0,0.13730893634474062
3535309,2022,99.82,99.82,69.99,100.0,33.18,178.6,115.0,115.0,9072.0,8968.0,0.0,88.41285346674442,253.0,391.0,0.0,0.11587146533255577
3542503,2022,94.43,54.97,83.1,81.54,62.46,192.8,91.06,76.0,2400.0,2365.0,0.0,70.73544155295805,524.0,120.0,0.0,0.29264558447041944
3542800,2022,57.34,29.89,48.01,100.0,27.4,159.4,35.45,6.2,1103.0,493.0,0.0,53.72656087301213,619.0,25.0,0.0,0.4627343912698787
3546504,2022,98.63,98.2,100.0,100.0,12.48,175.4,56.24,33.35,2520.0,2509.0,0.0,97.60386416178643,10.0,634.0,0.0,0.023961358382135645
3546603,2022,95.98,95.98,69.68,100.0,0.0,335.9,211.86,220.58,16951.0,16679.0,0.0,90.38370232752173,191.0,453.0,0.0,0.09616297672478269
3549250,2022,75.84,75.84,80.91,100.0,1.17,201.6,8.0,8.0,765.0,752.0,0.0,82.16269113222694,389.0,255.0,0.0,0.1783730886777306
3549805,2022,100.0,93.0,91.36,100.0,20.54,235.6,2249.0,2087.2,188012.0,188012.0,0.0,93.50834209996121,95.0,549.0,0.0,0.06491657900038783
3553401,2022,99.23,96.33,79.19,100.0,21.97,224.7,98.46,80.0,11465.0,11465.0,0.0,90.99199618481411,175.0,469.0,0.0,0.09008003815185883
3554003,2022,91.06,84.18,90.35,100.0,38.27,154.3,532.88,382.15,49314.0,45337.0,0.0,86.28310175616663,305.0,339.0,0.0,0.13716898243833375
3500758,2022,72.33,44.73,65.25,100.0,27.06,173.4,50.81,21.94,2336.0,1362.0,0.0,66.03316083403978,569.0,75.0,0.0,0.3396683916596023
3501806,2022,87.53,87.53,70.99,100.0,7.5,296.0,36.0,32.0,2748.0,2748.0,53297.91,85.22936747573824,331.0,313.0,0.002008814888948617,0.14740961057727836
3503901,2022,97.36,74.47,51.96,100.0,24.59,162.4,413.74,246.43,29961.0,21170.0,0.0,77.76565844236474,440.0,204.0,0.0,0.22234341557635262
3528908,2022,86.17,81.55,100.0,100.0,17.93,166.4,18.3,18.85,1455.0,1401.0,0.0,89.1337178204108,222.0,422.0,0.0,0.10866282179589204
3533403,2022,97.87,95.87,100.0,100.0,33.41,174.2,311.28,295.56,26896.0,26406.0,0.0,94.19178571841145,67.0,577.0,0.0,0.05808214281588553
3537602,2022,92.68,73.18,88.87,100.0,40.96,233.1,563.69,483.02,47234.0,36837.0,0.0,83.17358232067406,374.0,270.0,0.0,0.16826417679325945
3539400,2022,75.36,71.86,98.44,100.0,12.89,180.7,99.45,67.51,5103.0,4879.0,0.0,83.85003153772406,362.0,282.0,0.0,0.16149968462275932
3541307,2022,92.78,81.38,97.28,100.0,14.33,168.6,243.85,232.75,17326.0,15327.0,0.0,90.70369771294276,185.0,459.0,0.0,0.09296302287057245
3545407,2022,100.0,100.0,78.66,100.0,54.91,157.9,39.67,11.0,3671.0,2752.0,24254.15,87.94718229241575,270.0,374.0,0.0009141464954027859,0.12041799666517135
3545704,2022,83.08,81.51,100.0,100.0,16.44,190.6,41.32,37.05,2738.0,2690.0,0.0,88.44947129562345,250.0,394.0,0.0,0.1155052870437655
3550209,2022,64.75,52.13,82.29,100.0,16.71,141.6,152.7,85.7,9635.0,7590.0,0.0,71.32450084256612,518.0,126.0,0.0,0.2867549915743388
3501301,2022,85.76,83.43,100.0,100.0,20.42,177.8,147.9,136.33,10470.0,10165.0,0.0,89.20032518669065,221.0,423.0,0.0,0.10799674813309357
3502408,2022,84.29,82.23,97.62,100.0,10.78,163.3,26.81,16.97,1540.0,1489.0,0.0,89.08961599805367,224.0,420.0,0.0,0.10910384001946327
3504404,2022,99.95,99.95,98.27,100.0,37.41,170.9,65.0,65.0,4753.0,4753.0,0.0,94.91024242391146,56.0,588.0,0.0,0.050897575760885494
3507209,2022,80.6,80.37,100.0,100.0,11.55,163.6,3.81,4.77,356.0,354.0,0.0,88.06996273614902,265.0,379.0,0.0,0.11930037263850979
3512209,2022,94.84,100.0,93.78,95.58,2.49,313.0,270.0,270.0,10791.0,10330.0,132793.71,95.74640272808814,39.0,605.0,0.00500503644151759,0.04232307862558399
3521705,2022,68.28,59.63,87.27,100.0,28.55,130.3,86.24,35.7,5451.0,4795.0,0.0,74.01332817122022,490.0,154.0,0.0,0.2598667182877977
3521804,2022,65.19,64.47,98.66,100.0,24.32,159.1,77.09,70.05,8001.0,7890.0,0.0,77.73849260575798,441.0,203.0,0.0,0.2226150739424202
3523305,2022,38.93,31.61,72.65,100.0,29.44,198.9,49.1,29.28,3479.0,2590.0,0.0,54.86309916197912,618.0,26.0,0.0,0.45136900838020877
3528809,2022,89.38,87.83,100.0,100.0,22.09,162.4,72.68,52.16,5130.0,5046.0,0.0,91.14404710593728,170.0,474.0,0.0,0.08855952894062724
3530102,2022,100.0,93.64,71.34,86.09,16.61,203.5,198.0,179.33,9438.0,8677.0,0.0,86.14961835183006,310.0,334.0,0.0,0.1385038164816994
3537305,2022,96.15,96.15,80.0,100.0,24.06,214.1,306.86,299.06,30173.0,29967.0,0.0,90.029413485166,204.0,440.0,0.0,0.09970586514834001
3547700,2022,88.4,87.59,100.0,100.0,21.6,165.8,74.13,74.34,7604.0,7535.0,0.0,90.87004915179566,179.0,465.0,0.0,0.09129950848204349
3548807,2022,100.0,100.0,85.0,100.0,18.5,229.3,456.38,328.35,37155.0,37155.0,0.0,94.01930541280218,71.0,573.0,0.0,0.05980694587197821
3552304,2022,85.76,84.54,100.0,100.0,18.39,165.2,42.25,41.29,2839.0,2822.0,0.0,89.74081388558284,208.0,436.0,0.0,0.10259186114417163
3556305,2022,98.08,98.08,70.0,100.0,50.97,172.5,86.36,81.59,8345.0,8310.0,0.0,85.2737234200842,330.0,314.0,0.0,0.1472627657991581
3505351,2022,41.75,31.74,76.9,100.0,26.45,151.4,31.54,11.14,1149.0,747.0,0.0,57.09585517143078,606.0,38.0,0.0,0.42904144828569224
3507902,2022,99.38,99.38,84.07,100.0,25.55,209.2,173.0,165.0,10591.0,9390.0,0.0,92.58313093172642,125.0,519.0,0.0,0.0741686906827358
3509700,2022,65.91,57.83,84.09,100.0,15.08,337.4,326.32,210.62,16820.0,14456.0,0.0,73.77456303463057,494.0,150.0,0.0,0.2622543696536943
3510104,2022,87.5,85.77,100.0,100.0,14.54,184.8,32.21,19.53,1194.0,1170.0,0.0,91.02160128875491,174.0,470.0,0.0,0.08978398711245095
3510401,2022,100.0,100.0,90.0,35.7,75.39,169.2,218.07,194.83,19829.0,18400.0,0.0,73.9070715388326,491.0,153.0,0.0,0.2609292846116741
3510500,2022,86.23,78.06,85.76,100.0,29.54,224.9,648.12,522.62,62134.0,52916.0,0.0,83.30250208303298,372.0,272.0,0.0,0.1669749791696702
3511003,2022,75.18,71.66,86.65,100.0,13.28,149.4,91.0,79.0,6741.0,6831.0,0.0,80.80139936345181,410.0,234.0,0.0,0.1919860063654819
3515905,2022,77.46,76.88,100.0,100.0,20.99,179.6,18.19,16.83,1182.0,1175.0,0.0,85.11913462703824,334.0,310.0,0.0,0.1488086537296176
3518503,2022,79.96,46.74,46.5,100.0,20.29,192.8,94.48,26.32,4823.0,3117.0,0.0,64.9062723433661,576.0,68.0,0.0,0.350937276566339
3527256,2022,87.23,86.72,99.96,100.0,14.62,164.0,11.71,12.65,825.0,804.0,0.0,91.1740350842028,169.0,475.0,0.0,0.08825964915797202
3527504,2022,73.52,67.58,91.58,100.0,8.04,179.3,13.09,8.1,900.0,831.0,0.0,81.13998420694311,402.0,242.0,0.0,0.18860015793056883
3530706,2022,95.45,95.45,77.34,71.12,48.38,187.1,673.28,593.05,64648.0,63400.0,0.0,79.56624572978767,424.0,220.0,0.0,0.20433754270212334
3537701,2022,90.9,88.97,98.92,100.0,22.74,157.0,29.17,22.88,2268.0,2234.0,0.0,91.51695325248077,158.0,486.0,0.0,0.0848304674751923
3541059,2022,82.21,81.76,99.29,100.0,25.05,157.1,17.83,20.53,1979.0,1961.0,0.0,87.03091363954472,289.0,355.0,0.0,0.12969086360455284
3554201,2022,56.51,54.23,100.0,7.09,61.48,64.5,10.97,11.3,1254.0,1182.0,0.0,47.73833460171861,629.0,15.0,0.0,0.5226166539828139
3509957,2022,94.3,84.79,76.36,100.0,27.11,156.4,18.71,10.11,1798.0,1537.0,0.0,85.28648594722777,329.0,315.0,0.0,0.14713514052772225
3521408,2022,99.09,95.6,100.0,100.0,1.29,136.3,150.0,115.0,11150.0,10750.0,0.0,98.44230346755923,3.0,641.0,0.0,0.015576965324407777
3524105,2022,99.48,99.48,80.97,100.0,54.55,297.4,263.0,352.0,15727.0,15618.0,0.0,88.27986529527738,259.0,385.0,0.0,0.11720134704722629
3524808,2022,96.64,95.47,100.0,100.0,17.06,196.5,300.22,275.09,22343.0,22177.0,0.0,95.77279939244596,37.0,607.0,0.0,0.04227200607554038
3531407,2022,90.07,88.35,95.49,100.0,16.19,174.7,106.47,90.52,9876.0,9597.0,0.0,91.0938216919032,172.0,472.0,0.0,0.08906178308096802
3537156,2022,89.3,88.91,99.98,100.0,16.46,186.3,16.57,13.14,1162.0,1158.0,0.0,92.09586435117465,137.0,507.0,0.0,0.0790413564882535
3542404,2022,93.53,92.46,100.0,100.0,20.7,157.2,139.49,142.71,8336.0,8190.0,0.0,93.67421441387374,90.0,554.0,0.0,0.06325785586126254
3550902,2022,99.49,99.49,19.12,0.0,49.16,297.1,66.0,66.0,5692.0,5343.0,411797.69,51.52717127121862,622.0,22.0,0.015520783665000126,0.4772049244045136
3554805,2022,96.47,92.72,86.49,100.0,28.21,152.4,174.31,114.43,16510.0,15445.0,0.0,90.30671060605397,195.0,449.0,0.0,0.09693289393946036
3501103,2022,76.0,74.85,99.99,100.0,12.85,175.2,25.89,29.01,1553.0,1489.0,0.0,85.19187303494445,332.0,312.0,0.0,0.14808126965055546
3502200,2022,76.19,59.32,78.54,100.0,25.63,146.1,182.07,68.01,8689.0,6798.0,0.0,74.34639796628485,489.0,155.0,0.0,0.2565360203371515
3502507,2022,99.63,86.68,58.19,0.0,48.86,204.1,99.37,97.65,12086.0,11641.0,0.0,57.87415460232204,604.0,40.0,0.0,0.42125845397677963
3507456,2022,100.0,87.5,55.16,100.0,0.7,180.6,22.0,22.0,1045.0,1030.0,12847.0,85.63794077609316,324.0,320.0,0.00048420744600159515,0.1435510500789071
3509205,2022,89.45,80.57,60.91,0.72,34.28,161.3,336.12,167.3,27838.0,20442.0,0.0,56.0918297650808,611.0,33.0,0.0,0.43908170234919197
3509254,2022,74.65,66.1,83.18,100.0,30.51,153.4,124.92,80.99,9096.0,7522.0,0.0,76.21841335791714,465.0,179.0,0.0,0.23781586642082853
3557204,2022,93.71,90.1,93.93,100.0,53.87,165.7,55.0,38.0,5103.0,4987.0,0.0,87.50602314595193,276.0,368.0,0.0,0.12493976854048072
3513405,2022,100.0,98.27,99.67,6.85,60.61,152.1,317.48,296.96,28568.0,27544.0,0.0,71.25510460167297,519.0,125.0,0.0,0.2874489539832703
3517208,2022,100.0,100.0,97.39,100.0,9.29,174.4,49.99,48.0,3406.0,3213.0,0.0,98.2067589459606,5.0,639.0,0.0,0.01793241054039396
3520442,2022,100.0,93.84,98.46,100.0,39.92,262.3,182.28,143.7,11459.0,10429.0,473871.67,93.06978132384714,107.0,537.0,0.017860371375668305,0.06806442396882184
3530300,2022,97.81,97.26,100.0,100.0,38.39,156.2,353.0,372.0,26897.0,26919.0,0.0,93.91945865438484,74.0,570.0,0.0,0.06080541345615165
3530607,2022,96.2,87.31,75.2,72.79,48.02,141.2,1215.53,884.84,146242.0,131848.0,26532016.61,77.54617628263318,444.0,200.0,1.0,0.0
3542206,2022,99.81,99.81,80.0,83.63,36.66,178.8,191.0,170.0,11608.0,11396.0,700000.0,86.79896054003616,296.0,348.0,0.026383218821601665,0.12852753547219012
3542602,2022,77.8,75.09,90.91,100.0,23.04,167.5,229.1,227.97,21605.0,19875.0,0.0,82.25917629169388,388.0,256.0,0.0,0.1774082370830612
3546900,2022,92.11,97.97,100.0,100.0,17.57,180.3,35.0,40.0,2423.0,2411.0,2045.0,95.10146195528817,53.0,591.0,7.707668927167915e-05,0.04898160481617073
3553955,2022,96.51,96.36,97.24,100.0,19.7,177.4,60.65,53.19,5794.0,5777.0,0.0,94.96253170341276,54.0,590.0,0.0,0.05037468296587233
3505708,2022,100.0,94.93,65.57,61.6,32.69,190.8,838.61,473.85,89290.0,74176.0,0.0,77.6313037767094,443.0,201.0,0.0,0.22368696223290596
3510302,2022,77.69,61.93,74.99,100.0,27.11,151.4,117.43,49.42,7541.0,5890.0,0.0,74.38619071799478,488.0,156.0,0.0,0.2561380928200522
3515103,2022,71.16,39.34,37.94,100.0,42.11,129.4,282.45,145.65,18794.0,8613.0,0.0,55.726462038091086,614.0,30.0,0.0,0.44273537961908915
3516002,2022,93.73,92.08,100.0,100.0,5.49,150.9,64.04,69.68,4307.0,4257.0,0.0,95.51643217794248,41.0,603.0,0.0,0.044835678220575215
3520905,2022,97.18,97.18,88.01,100.0,76.35,225.6,79.6,81.73,5215.0,5215.0,962249.12,86.07043784784119,311.0,333.0,0.03626747013407663,0.1342437217282463
3521507,2022,86.09,85.58,98.84,100.0,5.82,174.0,30.73,32.26,2737.0,2739.0,0.0,91.37623099929392,164.0,480.0,0.0,0.08623769000706072
3527108,2022,100.0,100.0,90.68,100.0,13.64,203.6,378.04,214.51,32121.0,31794.0,0.0,96.01804578222874,32.0,612.0,0.0,0.03981954217771255
3531001,2022,88.9,87.51,99.86,100.0,17.71,192.3,20.5,12.71,952.0,925.0,0.0,91.43597016794789,161.0,483.0,0.0,0.08564029832052111
3535200,2022,80.32,78.5,100.0,100.0,12.25,185.6,46.95,50.58,3788.0,3732.0,0.0,87.41878999695174,280.0,364.0,0.0,0.1258121000304826
3543907,2022,100.0,100.0,99.23,92.0,30.84,231.1,940.16,832.04,78116.0,76586.0,0.0,94.20981532183387,66.0,578.0,0.0,0.057901846781661326
3547205,2022,67.54,66.35,99.98,100.0,12.58,185.1,15.15,18.32,645.0,629.0,0.0,80.6604844264569,411.0,233.0,0.0,0.19339515573543098
3548054,2022,78.45,78.45,98.53,100.0,26.09,491.6,41.0,41.0,2637.0,2637.0,0.0,84.80915266833257,338.0,306.0,0.0,0.15190847331667423
3549409,2022,98.97,98.97,98.89,100.0,57.73,241.5,295.0,295.0,19964.0,19872.0,0.0,92.01635421248099,140.0,504.0,0.0,0.07983645787519011
3550407,2022,85.76,83.25,95.0,65.62,49.37,169.1,201.68,138.4,14972.0,13092.0,0.0,76.69555342245216,460.0,184.0,0.0,0.23304446577547833
3550704,2022,71.13,59.61,79.39,100.0,32.5,216.2,365.69,279.0,25960.0,22013.0,0.0,72.37325132530114,507.0,137.0,0.0,0.27626748674698864
3501004,2022,87.51,87.51,85.73,100.0,42.7,219.0,143.0,130.0,6779.0,6755.0,659296.23,84.47839009451667,348.0,296.0,0.024849081006210028,0.1513591216359519
3505609,2022,98.89,98.89,80.0,0.0,20.0,536.2,86.97,86.97,10331.0,10311.0,599821.45,69.78478105218147,536.0,108.0,0.022607457956057717,0.29532129655822636
3506359,2022,82.52,63.33,68.81,100.0,32.75,245.2,362.49,258.73,27313.0,17443.0,0.0,73.87414690427573,493.0,151.0,0.0,0.2612585309572427
3509452,2022,80.75,68.21,92.42,100.0,22.03,168.1,49.31,29.86,2933.0,2422.0,0.0,81.78495349673564,393.0,251.0,0.0,0.18215046503264365
3513702,2022,97.21,97.21,67.53,100.0,28.75,283.9,195.0,185.0,13537.0,13330.0,0.0,86.95296678315987,292.0,352.0,0.0,0.13047033216840132
3514007,2022,97.84,97.84,79.95,100.0,19.18,358.2,49.56,42.72,3315.0,3298.0,144000.01,91.53140104951719,156.0,488.0,0.0054274053916326115,0.08422636430879396
3514957,2022,100.0,100.0,92.42,100.0,0.84,140.4,7.25,7.25,959.0,959.0,2939.0,98.03254469840009,7.0,637.0,0.0001107718287381247,0.019672373629781886
3516903,2022,92.47,87.51,100.0,100.0,15.09,178.5,70.28,65.77,4616.0,4419.0,0.0,92.78709180550912,118.0,526.0,0.0,0.07212908194490875
3523503,2022,80.18,79.64,100.0,100.0,28.08,146.0,68.21,60.87,6174.0,6119.0,0.0,85.71414604570128,322.0,322.0,0.0,0.1428585395429871
3532504,2022,90.43,90.43,73.78,100.0,42.81,180.0,84.0,34.0,3658.0,3658.0,20000.0,83.09832932646913,375.0,269.0,0.0007538062520457619,0.1688893008850715
3540002,2022,92.92,89.76,86.39,100.0,24.97,169.1,103.0,93.0,9100.0,9668.0,0.0,88.92719044423204,234.0,410.0,0.0,0.1107280955576796
3540101,2022,84.65,84.21,100.0,100.0,7.21,192.7,22.23,22.34,1510.0,1493.0,0.0,90.73247772208022,183.0,461.0,0.0,0.09267522277919782
3546702,2022,98.94,98.94,81.42,100.0,23.16,155.8,84.36,74.57,8975.0,8931.0,0.0,91.9912382667159,143.0,501.0,0.0,0.08008761733284109
3551306,2022,74.03,74.12,100.0,100.0,10.31,195.8,15.35,14.31,1327.0,1327.0,0.0,84.77189115157589,339.0,305.0,0.0,0.15228108848424116
3504305,2022,60.65,58.22,96.45,100.0,15.9,180.5,19.68,13.46,1423.0,1384.0,0.0,75.35126538072214,477.0,167.0,0.0,0.24648734619277857
3510906,2022,57.02,55.66,88.37,100.0,29.49,188.8,10.88,9.48,945.0,857.0,0.0,70.00559585725412,533.0,111.0,0.0,0.2999440414274588
3515806,2022,82.25,81.3,99.95,100.0,20.11,176.1,6.38,9.98,636.0,622.0,0.0,87.69696542820927,273.0,371.0,0.0,0.12303034571790727
3516408,2022,92.48,81.47,56.3,3.41,32.52,135.1,453.09,261.91,46643.0,32272.0,0.0,56.850622627971326,608.0,36.0,0.0,0.43149377372028674
3519006,2022,90.93,90.85,42.87,100.0,0.6,580.5,55.5,53.5,3579.0,3578.0,0.0,80.98083715252689,406.0,238.0,0.0,0.19019162847473114
3519907,2022,88.53,85.31,48.29,100.0,9.96,432.9,31.5,31.5,3222.0,2900.0,255440.35,79.04444594558312,431.0,213.0,0.009627626642737882,0.20753801803889244
3522109,2022,90.38,51.99,58.23,100.0,34.41,223.8,992.72,486.01,76259.0,38705.0,0.0,70.30063563434972,530.0,114.0,0.0,0.2969936436565028
3522208,2022,88.85,58.64,42.75,98.0,41.49,122.4,476.01,261.99,51471.0,28742.0,0.0,66.4785117987298,564.0,80.0,0.0,0.335214882012702
3524303,2022,100.0,100.0,100.0,97.75,42.91,186.1,371.02,254.94,32719.0,30145.0,0.0,94.18060049338641,68.0,576.0,0.0,0.05819399506613587
3525201,2022,58.69,29.96,53.52,100.0,26.05,181.6,168.82,91.54,10669.0,4604.0,0.0,55.64169820602529,615.0,29.0,0.0,0.4435830179397471
3527009,2022,99.71,99.71,79.53,0.0,13.21,201.2,57.8,21.59,2681.0,2417.0,0.0,70.95218692520294,522.0,122.0,0.0,0.2904781307479706
3533007,2022,94.31,93.43,99.09,100.0,8.78,181.9,105.38,94.27,8005.0,7947.0,0.0,95.39732493029284,45.0,599.0,0.0,0.04602675069707163
3537206,2022,52.04,36.16,68.21,100.0,26.71,203.2,50.9,46.13,3757.0,2376.0,0.0,58.936630254948774,598.0,46.0,0.0,0.41063369745051226
3543501,2022,69.99,62.35,100.0,100.0,27.32,135.1,39.66,31.55,2004.0,1785.0,0.0,78.47800790783225,435.0,209.0,0.0,0.21521992092167752
3547502,2022,89.51,89.51,98.94,100.0,20.11,240.7,176.37,136.09,11804.0,11614.0,0.0,91.60220894339471,151.0,493.0,0.0,0.08397791056605286
3527306,2022,99.97,93.77,77.86,100.0,31.47,160.9,324.71,202.62,14495.0,12832.0,18919339.52,89.02683383199577,228.0,416.0,0.7130758207376231,0.03148466696664293
3532207,2022,87.2,85.45,99.98,100.0,2.98,153.8,43.33,27.68,2206.0,2181.0,0.0,92.28311434558087,132.0,512.0,0.0,0.07716885654419126
3533205,2022,100.0,100.0,95.06,100.0,46.79,156.1,39.7,39.7,2311.0,2311.0,0.0,92.98525479654091,110.0,534.0,0.0,0.07014745203459083
3537909,2022,78.95,53.83,70.89,100.0,25.25,149.4,210.67,72.09,10719.0,7456.0,0.0,71.85126118888256,512.0,132.0,0.0,0.28148738811117435
3538105,2022,100.0,100.0,79.66,100.0,39.63,151.9,61.0,61.0,5962.0,5962.0,0.0,90.08721038342817,202.0,442.0,0.0,0.09912789616571827
3544509,2022,97.39,69.03,84.34,100.0,19.98,242.5,57.56,31.29,2332.0,1728.0,0.0,84.88960369059173,336.0,308.0,0.0,0.1511039630940827
3545209,2022,100.0,94.89,91.97,94.66,37.19,168.6,632.47,466.0,50644.0,48413.0,7400.0,90.89938849009303,176.0,468.0,0.0002789083132569319,0.0909807327370113
3555000,2022,92.22,91.54,100.0,100.0,15.14,191.0,349.15,315.15,26815.0,26606.0,0.0,93.76009157523657,84.0,560.0,0.0,0.062399084247634296
3555505,2022,61.71,60.21,98.44,100.0,12.2,185.3,14.26,16.6,1485.0,1450.0,0.0,77.11146773560587,450.0,194.0,0.0,0.22888532264394135
3500402,2022,100.0,98.01,95.16,99.74,35.38,201.7,62.48,38.95,4100.0,3815.0,0.0,93.84869147185985,78.0,566.0,0.0,0.061513085281401536
3509007,2022,94.24,85.88,63.74,29.06,28.18,134.0,354.54,205.42,32652.0,27075.0,0.0,66.55409761355048,563.0,81.0,0.0,0.3344590238644952
3509403,2022,83.83,80.56,92.71,100.0,25.17,163.8,105.91,73.42,9165.0,8796.0,0.0,85.53639168791847,325.0,319.0,0.0,0.14463608312081533
3515657,2022,54.77,53.8,99.97,100.0,12.22,163.7,5.73,6.01,460.0,454.0,0.0,73.88886702541836,492.0,152.0,0.0,0.2611113297458164
3517703,2022,84.82,84.82,80.0,100.0,47.7,183.6,97.19,83.0,6599.0,6556.0,0.0,81.00262031963798,405.0,239.0,0.0,0.18997379680362014
3520509,2022,94.46,93.53,99.32,100.0,29.76,192.6,1231.4,1090.69,91551.0,90986.0,0.0,92.92074649434373,113.0,531.0,0.0,0.07079253505656269
3524907,2022,54.48,38.21,57.73,100.0,10.72,220.6,49.12,15.42,1927.0,1250.0,0.0,59.554033629072514,596.0,48.0,0.0,0.4044596637092749
3529203,2022,100.0,100.0,67.78,100.0,18.31,183.2,123.13,112.55,10974.0,10503.0,36727.2,89.80982068639885,207.0,437.0,0.0013842596490067551,0.10176073459561183
3529708,2022,85.27,84.94,100.0,100.0,25.28,173.2,73.69,82.95,7265.0,7386.0,0.0,88.85462538622434,237.0,407.0,0.0,0.1114537461377566
3541703,2022,93.9,93.22,100.0,100.0,20.8,160.8,64.75,71.3,5478.0,5435.0,0.0,93.96238341450737,73.0,571.0,0.0,0.060376165854926334
3543204,2022,65.77,65.49,100.0,100.0,21.72,168.4,22.79,15.29,1427.0,1394.0,0.0,78.81677456155853,434.0,210.0,0.0,0.21183225438441466
3543808,2022,88.99,88.99,56.59,100.0,0.45,222.1,98.0,81.0,3620.0,3561.0,87900.0,83.34907629486923,370.0,274.0,0.0033129784777411234,0.16595759553261152
3545001,2022,49.82,45.62,68.68,99.75,21.67,143.9,73.36,55.61,4127.0,3624.0,0.0,61.46619905122262,592.0,52.0,0.0,0.38533800948777386
3546108,2022,73.75,70.52,100.0,100.0,10.72,198.6,21.6,16.14,961.0,917.0,0.0,83.7064995383532,366.0,278.0,0.0,0.16293500461646804
3546256,2022,58.7,57.66,94.34,100.0,25.27,189.2,6.76,7.4,689.0,666.0,0.0,72.98349592625435,502.0,142.0,0.0,0.2701650407374565
3547007,2022,67.98,100.0,52.33,100.0,16.41,199.7,49.06,40.0,2048.0,1698.0,24050.0,77.35075318834916,447.0,197.0,0.0009064520180850287,0.2262871635617031
3500709,2022,92.59,91.71,100.0,100.0,33.91,178.5,285.15,254.4,14565.0,14289.0,0.0,91.58028143857844,153.0,491.0,0.0,0.08419718561421563
3505203,2022,99.97,99.97,80.0,100.0,29.42,192.1,203.01,202.57,15349.0,15107.0,0.0,91.42034496855206,162.0,482.0,0.0,0.08579655031447941
3506805,2022,95.51,92.43,99.86,100.0,31.33,174.8,77.22,62.56,4992.0,4787.0,0.0,92.86436745134988,116.0,528.0,0.0,0.07135632548650117
3508702,2022,77.32,77.32,50.0,0.0,73.1,111.5,356.0,262.0,5011.0,4726.0,0.0,44.22156490058963,632.0,12.0,0.0,0.5577843509941037
3520707,2022,75.32,73.04,97.77,100.0,8.39,210.4,40.66,23.26,1783.0,1706.0,0.0,84.53911826678228,346.0,298.0,0.0,0.15460881733217713
3524204,2022,90.31,90.89,99.99,100.0,11.44,172.2,35.35,22.94,2319.0,2450.0,0.0,93.51648223406836,94.0,550.0,0.0,0.06483517765931635
3526506,2022,48.34,48.34,45.0,100.0,0.0,224.2,20.5,18.0,1926.0,1886.0,0.0,58.68363132661399,601.0,43.0,0.0,0.41316368673386006
3533908,2022,96.09,96.09,93.08,100.0,25.86,253.0,274.13,259.32,26346.0,24643.0,2082422.31,92.98932950752761,109.0,535.0,0.07848714783387889,0.06460422961115089
3537503,2022,66.02,58.58,100.0,100.0,30.64,164.3,70.55,44.84,3143.0,2805.0,0.0,75.9823813958044,469.0,175.0,0.0,0.240176186041956
3543238,2022,80.05,78.62,100.0,100.0,16.14,163.7,9.77,10.37,846.0,819.0,0.0,86.89276743498404,294.0,350.0,0.0,0.13107232565015958
3545605,2022,92.81,92.38,97.05,89.6,14.19,253.4,45.85,45.85,6054.0,5600.0,0.0,91.22408560412153,168.0,476.0,0.0,0.0877591439587847
3556800,2022,99.99,99.99,96.35,100.0,28.49,225.8,91.0,91.0,7577.0,7577.0,0.0,95.56556900193951,40.0,604.0,0.0,0.0443443099806049
3513108,2022,99.91,99.91,80.0,100.0,27.0,284.6,170.0,170.0,12624.0,13069.0,0.0,91.68806009201442,149.0,495.0,0.0,0.08311939907985577
3522307,2022,92.1,87.47,90.83,100.0,33.79,145.7,678.57,472.03,59537.0,55356.0,0.0,88.10152859518651,264.0,380.0,0.0,0.11898471404813493
3522505,2022,91.33,73.09,54.13,58.05,41.44,129.8,623.1,310.19,69410.0,47370.0,0.0,64.85352022606425,577.0,67.0,0.0,0.35146479773935757
3526704,2022,97.29,97.29,100.0,100.0,37.63,209.5,503.57,487.11,40531.0,40319.0,0.0,93.87699897776528,77.0,567.0,0.0,0.0612300102223472
3543253,2022,79.15,34.34,50.7,100.0,34.5,114.1,82.49,15.16,2858.0,1245.0,0.0,60.725455638536474,593.0,51.0,0.0,0.39274544361463526
3548609,2022,59.25,43.24,69.26,100.0,7.57,191.3,75.89,23.74,3713.0,2692.0,0.0,65.41304910965054,570.0,74.0,0.0,0.34586950890349455
3502606,2022,83.16,80.13,96.94,100.0,13.02,192.3,22.21,19.93,1768.0,1706.0,0.0,87.7843574181813,272.0,372.0,0.0,0.12215642581818698
3505401,2022,35.76,31.94,94.81,100.0,31.34,158.5,28.56,19.45,1461.0,1208.0,0.0,59.28005190638479,597.0,47.0,0.0,0.4071994809361521
3511409,2022,94.05,88.5,100.0,74.36,2.7,244.2,83.0,75.0,3900.0,3800.0,0.0,89.32186797384449,217.0,427.0,0.0,0.10678132026155507
3517307,2022,96.88,96.88,95.77,100.0,0.0,351.2,29.0,29.0,1973.0,1970.0,190577.73,97.28142787373838,15.0,629.0,0.007182934218734458,0.02699044801509798
3519600,2022,92.14,94.5,73.72,0.0,71.47,199.8,420.8,210.76,26721.0,28693.0,0.0,58.84266717685266,599.0,45.0,0.0,0.4115733282314734
3521101,2022,94.98,94.98,67.1,100.0,24.02,193.2,55.57,40.55,3156.0,2264.0,290102.37,86.23374977790436,307.0,337.0,0.010934049011964644,0.1361572936745627
3533304,2022,87.06,86.36,96.96,100.0,11.02,159.9,19.59,10.43,1225.0,1215.0,0.0,90.74194025924778,182.0,462.0,0.0,0.09258059740752211
3542305,2022,25.21,21.21,89.04,100.0,19.55,210.5,16.88,8.9,924.0,761.0,0.0,53.59985080978357,620.0,24.0,0.0,0.46400149190216433
3544905,2022,90.61,100.0,100.0,6.04,13.49,294.1,102.09,86.86,5206.0,5199.0,258.16,74.83870728104505,481.0,163.0,9.730131101406695e-06,0.25161047896278116
3547908,2022,100.0,100.0,81.42,94.87,51.12,190.2,109.0,88.0,2740.0,2675.0,0.0,87.955481138398,269.0,375.0,0.0,0.12044518861602005
3503604,2022,92.94,92.57,98.81,100.0,25.06,143.9,56.87,36.33,3658.0,3633.0,0.0,92.70588733912494,121.0,523.0,0.0,0.07294112660875063
3507100,2022,98.6,97.13,80.0,12.84,39.76,134.9,184.6,140.07,8686.0,7125.0,0.0,69.64998649144971,537.0,107.0,0.0,0.3035001350855029
3510203,2022,80.03,70.6,90.33,100.0,25.03,126.4,202.76,129.36,15924.0,14057.0,0.0,81.32114818236467,399.0,245.0,0.0,0.18678851817635334
3513306,2022,79.46,78.13,100.0,100.0,14.42,206.3,17.27,12.41,839.0,821.0,0.0,86.81455526930539,295.0,349.0,0.0,0.13185444730694618
3520426,2022,80.96,41.58,59.95,100.0,21.4,307.5,171.2,78.94,13778.0,6920.0,0.0,67.01010884962523,559.0,85.0,0.0,0.3298989115037477
3523008,2022,95.07,95.07,78.12,100.0,40.74,114.1,15.0,10.0,1788.0,500.0,1964047.28,86.91840441137944,293.0,351.0,0.07402555594887365,0.12113223202474585
3523404,2022,83.15,77.73,86.84,100.0,31.51,171.2,395.26,282.91,35741.0,33013.0,0.0,82.38213503014255,387.0,257.0,0.0,0.17617864969857455
3535408,2022,54.28,44.03,80.0,100.0,27.54,171.0,62.4,50.0,6832.0,5670.0,0.0,64.40222528430542,583.0,61.0,0.0,0.35597774715694586
3537008,2022,72.83,71.26,94.53,100.0,17.9,160.9,64.44,47.87,5335.0,5179.0,0.0,81.40871790751437,396.0,248.0,0.0,0.18591282092485628
3538204,2022,42.79,36.21,64.45,98.59,19.34,171.6,72.64,42.42,4186.0,3437.0,0.0,56.055566093495536,612.0,32.0,0.0,0.43944433906504465
3541208,2022,74.29,70.75,92.65,100.0,16.88,170.3,50.74,42.44,4734.0,4470.0,0.0,81.34596825507887,397.0,247.0,0.0,0.1865403174492113
3542107,2022,100.0,100.0,65.17,5.03,24.65,175.5,47.08,47.08,3789.0,3467.0,1076719.71,67.27783615609283,556.0,88.0,0.04058190245494498,0.31394236182679003
3548500,2022,98.3,95.89,81.92,100.0,16.81,234.6,1415.74,551.68,68876.0,65460.0,0.0,91.9298625906761,145.0,499.0,0.0,0.08070137409323908
3548708,2022,98.27,91.83,74.35,42.93,29.61,163.6,2255.12,1428.78,199386.0,177479.0,0.0,74.73520305622742,483.0,161.0,0.0,0.25264796943772583
3555356,2022,100.0,100.0,70.0,100.0,19.22,170.1,21.0,21.0,2226.0,1988.0,369110.87,90.24273394906253,197.0,447.0,0.013911904075202522,0.09621523901600602
3556503,2022,87.31,85.46,93.88,100.0,30.74,140.1,302.14,226.77,34079.0,32823.0,0.0,87.37546322400154,281.0,363.0,0.0,0.12624536775998463
3503307,2022,98.23,98.23,100.0,100.0,46.52,210.2,1139.0,928.47,51830.0,50914.0,0.0,93.28071439371804,99.0,545.0,0.0,0.06719285606281955
3504206,2022,95.06,92.55,98.31,100.0,20.23,171.8,76.72,64.16,5866.0,5762.0,0.0,93.76556655478336,83.0,561.0,0.0,0.06234433445216636
3522604,2022,97.8,97.8,100.0,100.0,53.12,161.6,369.81,324.31,29229.0,27901.0,0.0,92.23116989218015,134.0,510.0,0.0,0.07768830107819857
3526407,2022,85.05,81.22,100.0,100.0,41.76,175.0,202.01,167.28,10350.0,9856.0,0.0,85.7825384740359,319.0,325.0,0.0,0.14217461525964092
3540606,2022,100.0,100.0,82.96,99.52,29.94,133.4,223.94,166.32,17277.0,16988.0,0.0,91.99298786193124,142.0,502.0,0.0,0.08007012138068759
3547304,2022,98.33,65.11,44.69,49.87,33.49,177.2,807.13,372.74,46399.0,29892.0,0.0,61.5691528716568,591.0,53.0,0.0,0.38430847128343204
3549003,2022,82.86,80.86,100.0,100.0,11.99,177.9,15.66,15.7,1069.0,1050.0,0.0,88.77085682219928,240.0,404.0,0.0,0.11229143177800727
3550100,2022,94.39,92.43,96.92,100.0,33.77,171.9,220.84,152.75,16139.0,15698.0,0.0,91.52798658977139,157.0,487.0,0.0,0.08472013410228607
3555406,2022,76.19,41.74,40.38,100.0,24.29,300.7,428.37,144.58,35986.0,14977.0,0.0,60.557430876958996,594.0,50.0,0.0,0.39442569123041005
3555802,2022,88.27,87.43,100.0,100.0,14.4,172.6,58.37,49.32,3654.0,3629.0,0.0,91.6848531658681,150.0,494.0,0.0,0.08315146834131892
3508108,2022,99.62,99.62,81.36,100.0,17.01,223.7,155.0,125.0,9069.0,8500.0,0.0,93.10476376590485,106.0,538.0,0.0,0.06895236234095148
3518404,2022,98.69,91.76,78.48,32.46,54.32,162.9,656.0,455.78,47195.0,41085.0,0.0,70.45904771595998,528.0,116.0,0.0,0.2954095228404001
3520608,2022,100.0,100.0,81.36,100.0,0.0,209.5,13.0,16.0,1996.0,1920.0,3249.0,95.41789577187808,44.0,600.0,0.00012245582564483402,0.04581543122765474
3521903,2022,82.61,82.61,80.0,100.0,4.68,243.6,71.81,77.46,6905.0,6905.0,101864.0,85.1465421753727,333.0,311.0,0.0038392860029194745,0.14796431151906256
3522158,2022,60.46,27.76,57.72,100.0,24.53,143.5,54.28,9.17,1152.0,521.0,0.0,56.781895746182144,609.0,35.0,0.0,0.4321810425381786
3525409,2022,88.07,87.13,99.98,100.0,21.07,183.6,19.06,17.43,1395.0,1381.0,0.0,90.71944719724317,184.0,460.0,0.0,0.09280552802756825
3528601,2022,94.13,93.54,70.28,100.0,15.32,531.9,75.0,71.0,4401.0,4401.0,0.0,87.48309121880581,278.0,366.0,0.0,0.12516908781194191
3529302,2022,97.62,97.62,100.0,100.0,34.23,218.6,397.0,383.0,31993.0,31892.0,0.0,94.47604484219715,63.0,581.0,0.0,0.0552395515780284
3529807,2022,95.56,95.56,80.0,100.0,34.63,170.2,57.51,53.29,4797.0,4644.0,0.0,88.40163255863287,254.0,390.0,0.0,0.1159836744136713
3536257,2022,100.0,100.0,80.0,100.0,9.99,247.4,14.28,14.72,1262.0,1201.0,40331.07,93.84515451976667,80.0,564.0,0.0015200906358847632,0.061454895572535084
3537404,2022,92.21,92.21,80.0,100.0,15.15,311.8,273.29,332.32,10275.0,10186.0,0.0,89.0139955541456,229.0,415.0,0.0,0.10986004445854403
3539707,2022,82.05,81.98,100.0,100.0,17.2,163.5,13.37,14.49,1104.0,1100.0,0.0,88.19137443836584,262.0,382.0,0.0,0.11808625561634156
3502754,2022,71.52,49.5,61.12,100.0,36.06,179.1,88.35,49.76,6653.0,4348.0,0.0,64.91838359493009,575.0,69.0,0.0,0.35081616405069904
3504008,2022,99.3,99.13,95.72,100.0,17.81,180.3,494.6,416.03,42160.0,41925.0,0.0,96.3191651187484,26.0,618.0,0.0,0.036808348812515934
3505500,2022,95.36,95.32,80.0,100.0,28.31,205.5,758.63,764.84,56280.0,56061.0,2516825.12,89.06707973763288,225.0,419.0,0.09485992553809125,0.09895824260365084
3512506,2022,84.56,82.52,96.02,100.0,12.5,167.8,25.73,20.46,2070.0,2034.0,0.0,88.6335607044208,249.0,395.0,0.0,0.113664392955792
3517802,2022,77.85,77.85,92.97,100.0,13.95,264.2,52.0,42.0,3146.0,3146.0,0.0,84.62450376339005,341.0,303.0,0.0,0.15375496236609942
3519303,2022,95.68,95.68,100.0,100.0,19.23,159.5,204.0,181.0,12224.0,12138.0,145187.56,95.29170369832197,48.0,596.0,0.005472164522363459,0.0468253172969521
3528205,2022,66.21,65.43,99.98,100.0,14.26,175.8,18.32,17.36,1294.0,1273.0,0.0,79.84328769061871,417.0,227.0,0.0,0.20156712309381286
3530201,2022,64.33,54.17,95.7,100.0,20.63,155.7,40.77,56.52,4524.0,3922.0,0.0,74.54915205869219,486.0,158.0,0.0,0.2545084794130781
3532009,2022,81.26,79.14,100.0,100.0,22.93,153.8,110.75,55.76,4612.0,4460.0,0.0,86.52254149090976,303.0,341.0,0.0,0.13477458509090245
3538709,2022,100.0,100.0,100.0,100.0,53.93,206.7,1741.04,1446.0,170365.0,165446.0,0.0,93.31449043598994,98.0,546.0,0.0,0.06685509564010061
3541109,2022,87.85,85.67,100.0,100.0,20.42,150.4,22.29,17.06,1642.0,1611.0,0.0,90.36390387735604,193.0,451.0,0.0,0.09636096122643967
3544251,2022,76.01,74.58,99.77,100.0,21.14,174.6,127.44,120.83,6697.0,6582.0,0.0,84.04263156300263,358.0,286.0,0.0,0.15957368436997366
3552106,2022,51.68,49.29,71.91,99.08,27.73,186.3,150.96,117.19,10253.0,9086.0,0.0,62.83185451552761,587.0,57.0,0.0,0.3716814548447239
3554508,2022,92.05,84.66,80.0,60.0,56.36,171.5,149.86,182.36,15052.0,13706.0,0.0,73.00738355011899,501.0,143.0,0.0,0.26992616449881013
3554755,2022,100.0,100.0,72.43,100.0,9.66,275.3,13.0,12.1,758.0,734.0,0.0,92.0251981515618,139.0,505.0,0.0,0.07974801848438207
3504909,2022,74.49,72.09,88.94,100.0,25.47,147.5,42.53,19.98,3668.0,3443.0,0.0,79.77335592582763,419.0,225.0,0.0,0.20226644074172373
3507159,2022,63.35,60.28,99.95,100.0,34.07,121.1,23.11,9.77,960.0,897.0,0.0,75.24539609691055,478.0,166.0,0.0,0.24754603903089445
3507506,2022,97.55,92.5,92.08,100.0,33.01,182.2,726.13,521.73,62607.0,59207.0,0.0,91.32863944519205,166.0,478.0,0.0,0.0867136055480795
3519709,2022,36.2,14.6,36.95,100.0,36.84,187.9,145.61,55.77,17062.0,6652.0,0.0,39.985183899076716,638.0,6.0,0.0,0.6001481610092329
3520202,2022,48.43,24.67,42.7,100.0,22.11,240.4,66.62,16.31,3372.0,1552.0,0.0,49.24310083056472,626.0,18.0,0.0,0.5075689916943528
3526100,2022,56.31,50.38,81.3,100.0,30.51,163.6,76.7,45.98,5380.0,4266.0,0.0,66.5699971699018,562.0,82.0,0.0,0.33430002830098204
3527405,2022,97.05,95.25,100.0,100.0,24.08,153.3,96.23,96.34,7588.0,7471.0,0.0,94.95922548035074,55.0,589.0,0.0,0.050407745196492604
3529658,2022,84.94,78.28,98.23,100.0,14.03,175.2,14.45,8.58,799.0,752.0,0.0,87.98943381131062,267.0,377.0,0.0,0.12010566188689387
3531902,2022,95.97,91.98,41.5,100.0,17.0,540.2,163.0,163.0,10582.0,10571.0,0.0,80.30540407562785,416.0,228.0,0.0,0.1969459592437215
3545159,2022,81.56,80.28,100.0,100.0,23.91,169.1,51.92,47.83,3041.0,2982.0,0.0,86.78105180895602,297.0,347.0,0.0,0.13218948191043978
3552601,2022,100.0,100.0,94.3,100.0,11.82,318.2,108.0,108.0,4788.0,4778.0,0.0,97.13353685768797,19.0,625.0,0.0,0.028664631423120257
3553906,2022,90.91,89.2,100.0,100.0,11.35,144.7,36.19,36.73,2589.0,2547.0,0.0,93.25704516323891,101.0,543.0,0.0,0.06742954836761084
3556008,2022,89.92,89.92,93.71,89.14,3.65,451.1,45.0,20.0,6138.0,5717.0,0.0,90.16432384690054,199.0,445.0,0.0,0.0983567615309946
3500808,2022,82.99,75.12,100.0,100.0,17.7,194.7,33.24,31.33,1966.0,1796.0,0.0,86.60550387635601,301.0,343.0,0.0,0.13394496123643984
3501202,2022,67.36,67.36,68.42,100.0,7.59,197.2,15.77,18.94,1335.0,1270.0,0.0,73.73376782280799,495.0,149.0,0.0,0.26266232177192006
3507407,2022,93.95,91.38,100.0,90.0,39.38,194.9,75.0,75.0,11386.0,10894.0,226268.86,88.97196467695359,230.0,414.0,0.00852814406556336,0.10933986649051353
3517109,2022,58.05,56.96,100.0,100.0,18.23,223.0,25.35,21.88,1529.0,1506.0,0.0,74.88481662378797,480.0,164.0,0.0,0.25115183376212036
3518008,2022,88.16,85.01,100.0,100.0,12.11,185.5,31.41,14.32,904.0,864.0,0.0,91.3084567265421,167.0,477.0,0.0,0.08691543273457891
3522000,2022,84.69,84.69,85.71,100.0,44.74,187.8,20.0,24.0,1640.0,1640.0,0.0,82.70325122364832,381.0,263.0,0.0,0.17296748776351678
3522703,2022,99.81,99.81,89.04,100.0,21.73,215.7,230.0,240.0,17325.0,17174.0,0.0,94.5097793383056,62.0,582.0,0.0,0.054902206616943894
3529005,2022,100.0,100.0,83.46,67.51,42.24,196.4,831.14,821.03,97356.0,90415.0,0.0,83.47777796208187,368.0,276.0,0.0,0.16522222037918122
3533502,2022,88.23,87.99,92.68,100.0,10.29,199.7,195.22,126.86,16962.0,16936.0,0.0,90.52955076361901,188.0,456.0,0.0,0.09470449236380984
3546801,2022,58.9,45.17,63.96,9.6,37.48,188.0,123.56,79.01,12740.0,8353.0,0.0,40.71843805846933,636.0,8.0,0.0,0.5928156194153067
3556701,2022,97.1,90.05,85.0,99.95,28.59,196.1,573.58,359.97,27356.0,24774.0,0.0,89.36249294836242,216.0,428.0,0.0,0.10637507051637585
3504800,2022,100.0,100.0,100.0,100.0,22.78,202.5,60.0,60.0,4067.0,4040.0,166821.59,97.17604472708791,18.0,626.0,0.006287557875910737,0.02806199490694664
3510807,2022,99.71,99.66,86.94,96.46,25.87,143.2,171.06,170.15,10771.0,10614.0,0.0,92.62685073289661,124.0,520.0,0.0,0.07373149267103385
3524501,2022,100.0,100.0,91.97,0.0,20.34,169.6,50.0,50.0,3225.0,3065.0,0.0,73.28235762428102,498.0,146.0,0.0,0.26717642375718986
3528700,2022,58.45,57.77,100.0,100.0,13.47,149.9,16.6,15.27,943.0,935.0,0.0,75.79680855962684,472.0,172.0,0.0,0.24203191440373162
3533700,2022,79.82,79.82,64.14,100.0,24.45,546.1,13.75,13.75,1753.0,1745.0,83327.57,77.29581501124288,449.0,195.0,0.0031406421616890436,0.22632879268134648
3538006,2022,96.7,94.29,91.21,100.0,31.22,163.0,618.53,452.78,60768.0,58341.0,0.0,91.56628683545415,154.0,490.0,0.0,0.08433713164545853
3544202,2022,98.26,96.9,93.36,100.0,10.62,238.1,64.71,51.36,3609.0,3569.0,0.0,95.76110913453086,38.0,606.0,0.0,0.04238890865469147
3550803,2022,76.58,76.58,80.0,100.0,17.51,188.5,63.52,63.33,3762.0,3582.0,0.0,80.3115473741064,415.0,229.0,0.0,0.19688452625893604
3555208,2022,70.74,70.19,100.0,100.0,13.23,191.9,15.45,14.11,861.0,836.0,0.0,82.47315319442916,386.0,258.0,0.0,0.1752684680557084
3502002,2022,79.17,79.17,100.0,100.0,50.55,32.2,62.0,62.0,2173.0,1892.0,0.0,82.52569436783706,385.0,259.0,0.0,0.17474305632162934
3508009,2022,85.34,77.48,96.44,100.0,33.19,129.5,83.55,66.2,7114.0,6451.0,0.0,85.07718554478087,335.0,309.0,0.0,0.14922814455219124
3508405,2022,75.9,69.0,81.12,100.0,28.21,175.5,184.56,103.43,13482.0,11708.0,0.0,77.0990726364569,452.0,192.0,0.0,0.229009273635431
3509304,2022,94.7,94.7,86.59,0.0,7.3,198.1,39.58,39.58,4005.0,3943.0,0.0,70.7246414054416,525.0,119.0,0.0,0.292753585945584
3509809,2022,98.94,98.94,19.97,55.61,20.0,217.8,47.93,80.06,1727.0,1706.0,0.0,67.41282469254541,554.0,90.0,0.0,0.32587175307454586
3509908,2022,76.34,70.81,85.21,100.0,33.62,201.8,118.45,56.11,5830.0,4970.0,0.0,78.02706130778763,437.0,207.0,0.0,0.21972938692212363
3511706,2022,98.4,78.37,69.96,98.3,40.91,164.5,82.0,45.46,6862.0,5389.0,0.0,81.09332058137564,403.0,241.0,0.0,0.18906679418624361
3513504,2022,85.89,58.79,52.86,100.0,45.92,176.5,256.52,149.66,30721.0,18199.0,0.0,68.0756398732868,550.0,94.0,0.0,0.3192436012671319
3515129,2022,76.05,75.98,97.56,100.0,13.51,175.6,14.86,12.24,1197.0,1188.0,0.0,84.8206435341658,337.0,307.0,0.0,0.15179356465834204
3516705,2022,89.36,89.36,75.52,100.0,32.85,180.4,209.97,174.01,18527.0,17955.0,0.0,84.18503872417669,353.0,291.0,0.0,0.15814961275823303
3521002,2022,71.76,55.21,67.92,100.0,32.11,145.7,38.32,41.57,10474.0,7995.0,0.0,68.63213578907632,544.0,100.0,0.0,0.3136786421092368
3529500,2022,90.94,90.94,94.97,100.0,80.08,486.8,49.0,47.0,5995.0,3921.0,0.0,83.96145928380173,360.0,284.0,0.0,0.16038540716198268
3532058,2022,99.16,99.16,40.8,100.0,18.91,275.6,17.46,17.36,1327.0,1323.0,0.0,82.65121819149074,383.0,261.0,0.0,0.17348781808509262
3535804,2022,65.17,54.02,80.44,100.0,10.97,176.3,102.09,57.56,6509.0,5548.0,0.0,72.18979834123431,510.0,134.0,0.0,0.2781020165876569
3541604,2022,93.93,91.09,87.5,99.18,20.0,208.9,137.0,169.0,15051.0,13632.0,0.0,90.26065223618946,196.0,448.0,0.0,0.09739347763810546
3551108,2022,78.65,47.69,70.41,100.0,19.97,172.5,89.61,61.81,4460.0,2599.0,0.0,70.70674554423437,526.0,118.0,0.0,0.2929325445576564
3552007,2022,46.28,39.38,92.24,100.0,18.21,155.1,26.59,16.45,1661.0,1420.0,0.0,65.13491152240843,571.0,73.0,0.0,0.34865088477591566
3552205,2022,98.51,98.54,92.76,98.92,35.81,181.7,2135.0,1484.0,242713.0,234165.0,0.0,92.74711388505679,120.0,524.0,0.0,0.07252886114943213
3553203,2022,100.0,100.0,98.85,100.0,0.0,433.0,35.0,35.0,2596.0,2442.0,0.0,99.71730580137658,2.0,642.0,0.0,0.0028269419862341216
3554607,2022,61.36,60.23,99.98,100.0,24.76,173.0,17.21,17.8,974.0,934.0,0.0,75.84097151493437,471.0,173.0,0.0,0.24159028485065637
3556354,2022,42.13,31.36,76.16,95.95,23.56,170.7,68.34,29.06,2336.0,1534.0,0.0,56.37891145108272,610.0,34.0,0.0,0.43621088548917275
3501905,2022,78.7,74.76,88.58,54.75,40.45,187.8,341.66,238.5,24756.0,22632.0,0.0,69.63679426511415,538.0,106.0,0.0,0.30363205734885856
3504701,2022,39.95,39.52,100.0,100.0,19.71,118.7,10.02,8.3,635.0,626.0,0.0,65.13419001157996,572.0,72.0,0.0,0.3486580998842004
3516200,2022,96.95,96.27,97.3,100.0,25.8,165.1,1532.23,1264.2,142483.0,140857.0,0.0,94.31991932528736,64.0,580.0,0.0,0.0568008067471264
3525300,2022,96.9,96.9,93.97,100.0,33.53,183.9,952.67,789.49,56244.0,59837.0,0.0,92.69311681568526,122.0,522.0,0.0,0.07306883184314739
3526902,2022,97.02,97.02,83.34,100.0,20.19,181.9,1227.7,1075.21,105142.0,104388.0,0.0,91.79831858472558,148.0,496.0,0.0,0.0820168141527442
3530805,2022,91.99,87.64,98.43,100.0,50.82,184.4,586.0,450.0,37333.0,35520.0,0.0,87.87229329287352,271.0,373.0,0.0,0.12127706707126473
3532603,2022,79.91,79.49,96.83,100.0,14.62,187.1,60.59,44.16,4260.0,4225.0,0.0,86.48943072706598,304.0,340.0,0.0,0.13510569272934025
3534401,2022,100.0,93.91,65.71,57.05,30.69,161.2,1397.56,895.76,198339.0,161492.0,0.0,76.63712282883243,461.0,183.0,0.0,0.23362877171167573
3537800,2022,46.7,30.85,69.99,100.0,32.09,160.9,232.28,120.57,12716.0,7922.0,0.0,55.841815036921446,613.0,31.0,0.0,0.4415818496307855
3539608,2022,92.16,90.18,99.12,100.0,12.22,170.5,25.26,19.12,1798.0,1786.0,0.0,93.53519000897917,93.0,551.0,0.0,0.06464809991020826
3539806,2022,100.0,100.0,87.65,90.87,34.85,135.8,324.66,262.16,35595.0,34051.0,0.0,90.61499115724419,187.0,457.0,0.0,0.09385008842755804
3544806,2022,99.53,99.53,57.71,100.0,42.24,296.4,48.0,44.0,4116.0,3831.0,0.0,84.11499763449953,356.0,288.0,0.0,0.15885002365500467
3556404,2022,98.52,98.52,93.62,95.0,9.38,213.3,366.0,362.0,15963.0,15859.0,1156778.68,95.3614158172175,46.0,598.0,0.043599350060862185,0.04436344927210578
3557006,2022,96.29,95.68,80.26,93.01,17.21,173.6,553.0,430.48,39175.0,39363.0,0.0,89.30576199488522,218.0,426.0,0.0,0.10694238005114787
3502705,2022,66.5,49.27,71.51,100.0,18.93,147.2,129.47,63.26,7916.0,5335.0,0.0,68.14136694928847,548.0,96.0,0.0,0.31858633050711527
3508504,2022,90.93,81.78,82.31,99.2,30.81,173.9,492.07,293.9,37646.0,31837.0,0.0,84.39308012436479,351.0,293.0,0.0,0.15606919875635217
3514502,2022,80.93,80.39,99.99,100.0,24.11,157.6,61.42,69.2,5146.0,5074.0,0.0,86.60738002286124,300.0,344.0,0.0,0.13392619977138764
3515152,2022,100.0,100.0,100.0,0.0,48.53,114.3,45.5,44.0,4979.0,4853.0,0.0,71.76168693517796,513.0,131.0,0.0,0.2823831306482204
3515186,2022,88.65,87.59,95.47,100.0,39.85,170.5,178.44,138.59,15112.0,14885.0,0.0,87.56355429465182,275.0,369.0,0.0,0.12436445705348176
3515400,2022,71.75,70.84,93.48,100.0,26.21,162.8,58.45,48.07,5883.0,5759.0,0.0,79.7110801444856,421.0,223.0,0.0,0.20288919855514398
3516507,2022,83.64,82.56,99.47,100.0,16.59,180.4,19.96,11.32,1171.0,1153.0,0.0,88.72940967661572,243.0,401.0,0.0,0.11270590323384289
3523800,2022,78.56,77.08,91.65,100.0,27.2,167.2,21.9,21.61,2888.0,2785.0,0.0,82.65437203290821,382.0,262.0,0.0,0.1734562796709178
3523909,2022,80.61,76.74,95.14,100.0,56.71,153.9,849.39,549.94,58021.0,55584.0,0.0,80.33515241805839,414.0,230.0,0.0,0.19664847581941614
3526308,2022,45.56,44.74,100.0,100.0,29.15,161.4,17.08,14.77,1575.0,1543.0,0.0,66.88098374482801,560.0,84.0,0.0,0.33119016255171985
3526803,2022,98.78,98.78,98.07,100.0,22.38,357.2,342.0,278.0,26940.0,26512.0,0.0,96.09476273768416,31.0,613.0,0.0,0.039052372623158416
3528106,2022,99.72,99.72,80.01,0.0,14.47,332.6,65.5,70.6,3352.0,3141.0,0.0,70.91936392998109,523.0,121.0,0.0,0.29080636070018917
3530409,2022,80.1,80.1,93.96,100.0,14.93,450.6,19.0,18.0,1662.0,1343.0,0.0,85.95701587670456,312.0,332.0,0.0,0.14042984123295443
3540309,2022,93.0,92.12,97.53,100.0,6.03,206.0,9.54,11.55,1136.0,1124.0,0.0,94.64989238146654,61.0,583.0,0.0,0.05350107618533462
3541000,2022,96.79,82.54,72.58,100.0,32.62,200.1,1040.21,708.59,114515.0,75215.0,0.0,83.78058691160302,364.0,280.0,0.0,0.16219413088396972
3542909,2022,100.0,100.0,100.0,0.0,13.97,182.1,15.0,15.0,4766.0,4287.0,0.0,76.04596675220353,468.0,176.0,0.0,0.2395403324779647
3544707,2022,76.27,71.99,100.0,100.0,26.98,161.0,11.65,14.29,869.0,815.0,0.0,82.77349409329217,379.0,265.0,0.0,0.17226505906707823
3550308,2022,99.29,97.31,75.24,97.14,30.07,167.1,23804.22,18707.75,3308131.0,2997737.0,0.0,88.6529993719758,248.0,396.0,0.0,0.11347000628024206
3550506,2022,99.14,70.93,85.48,100.0,2.36,230.2,36.0,31.0,2771.0,2513.0,0.0,88.33476625518459,257.0,387.0,0.0,0.11665233744815406
3500105,2022,100.0,99.89,100.0,100.0,23.85,188.1,212.86,165.54,16123.0,16022.0,0.0,97.01477717585834,21.0,623.0,0.0,0.029852228241416534
3505906,2022,89.86,89.61,80.83,99.9,11.76,402.9,304.0,284.0,25111.0,24862.0,1304325.36,88.2865552064001,258.0,386.0,0.04916043055349196,0.11137606804281973
3506904,2022,49.5,44.12,93.65,100.0,15.64,181.9,39.55,30.81,3341.0,2982.0,0.0,67.92819242566239,551.0,93.0,0.0,0.3207180757433761
3510153,2022,91.21,91.21,96.03,50.02,60.0,137.4,24.0,24.0,2504.0,2364.0,42734.4,75.74988520009,474.0,170.0,0.0016106728948712204,0.24211055797304262
3512001,2022,90.33,90.33,92.27,100.0,33.67,235.6,155.33,142.75,7484.0,7446.0,136158.6,88.72280750599515,244.0,400.0,0.005131860197489904,0.11219319518705435
3513900,2022,60.75,56.45,83.66,87.89,19.99,184.9,42.48,27.84,3502.0,3112.0,0.0,68.57628749084726,545.0,99.0,0.0,0.31423712509152735
3515194,2022,85.25,85.25,97.91,100.0,33.87,157.3,14.35,14.59,1569.0,1563.0,0.0,87.3510969765429,282.0,362.0,0.0,0.12648903023457092
3517604,2022,57.93,34.92,56.53,93.2,30.93,131.0,103.38,24.58,4579.0,2502.0,0.0,55.345046692065644,616.0,28.0,0.0,0.44654953307934353
3529104,2022,85.11,83.49,98.33,100.0,7.93,181.5,8.57,9.38,754.0,740.0,0.0,90.17315685218298,198.0,446.0,0.0,0.0982684314781701
3531803,2022,98.18,83.7,80.16,100.0,25.02,164.1,198.54,174.1,25535.0,21039.0,0.0,87.27411045725376,283.0,361.0,0.0,0.1272588954274625
3534708,2022,97.42,96.54,80.02,84.58,57.86,170.4,649.1,528.73,43650.0,43304.0,0.0,82.87194711955006,377.0,267.0,0.0,0.1712805288044994
3554409,2022,96.93,97.41,100.0,100.0,17.3,173.7,35.89,29.19,3115.0,3260.0,0.0,96.32843709618948,25.0,619.0,0.0,0.03671562903810521
3501509,2022,95.81,94.35,100.0,100.0,26.02,139.8,19.03,16.45,1139.0,1111.0,0.0,94.14000799180316,69.0,575.0,0.0,0.05859992008196846
3506003,2022,100.0,100.0,74.03,5.0,40.58,208.0,1750.33,1443.96,134497.0,133423.0,0.0,67.47435869587756,553.0,91.0,0.0,0.32525641304122443
3509601,2022,79.56,67.77,79.53,100.0,33.04,153.1,325.99,189.25,24132.0,19443.0,0.0,76.80631776853815,458.0,186.0,0.0,0.23193682231461854
3518305,2022,65.62,50.44,64.86,100.0,35.74,161.4,154.08,42.4,9499.0,6659.0,0.0,64.48272540952904,582.0,62.0,0.0,0.3551727459047096
3522901,2022,99.97,99.97,100.0,49.95,24.38,174.9,57.0,57.0,5619.0,5144.0,1641640.0,85.83933439860377,317.0,327.0,0.061873924780420225,0.13284489643134753
3531100,2022,95.08,85.35,91.2,100.0,28.58,219.3,445.53,350.11,41711.0,36090.0,0.0,89.11467989960178,223.0,421.0,0.0,0.10885320100398221
3535606,2022,76.96,48.87,51.68,38.67,27.03,136.0,60.72,43.14,5083.0,2925.0,0.0,51.435915485947724,623.0,21.0,0.0,0.48564084514052275
3539202,2022,100.0,94.37,97.04,100.0,20.89,155.0,138.09,110.29,10641.0,10079.0,0.0,95.21770969336222,51.0,593.0,0.0,0.04782290306637771
3545803,2022,99.25,98.74,100.0,100.0,54.14,171.1,846.04,722.71,71971.0,72466.0,0.0,92.75220320356308,119.0,525.0,0.0,0.07247796796436912
3548005,2022,90.65,90.43,69.8,100.0,43.33,167.5,96.0,90.0,8510.0,7468.0,1438311.95,82.11662542735597,391.0,253.0,0.05421042701510656,0.16913909200589897
3548906,2022,100.0,100.0,91.35,96.62,41.66,261.1,1061.27,991.09,121873.0,120848.0,0.0,91.95809540390621,144.0,500.0,0.0,0.08041904596093785
3549706,2022,100.0,100.0,93.56,13.99,28.57,165.5,275.0,258.0,22329.0,20425.0,0.0,75.76185825239588,473.0,171.0,0.0,0.24238141747604114
3552502,2022,93.74,88.78,77.67,71.49,23.05,140.3,989.69,695.77,87126.0,78969.0,0.0,80.65891657436832,412.0,232.0,0.0,0.19341083425631678
3501400,2022,71.13,92.01,99.99,100.0,11.94,129.4,14.9,17.51,1231.0,1194.0,0.0,88.41682794379494,252.0,392.0,0.0,0.1158317205620506
3505807,2022,83.97,83.77,100.0,100.0,19.0,171.3,85.38,79.98,7364.0,7350.0,0.0,88.96748350576256,233.0,411.0,0.0,0.11032516494237443
3507605,2022,86.04,79.57,70.81,100.0,19.25,175.3,915.84,557.29,59483.0,53074.0,0.0,81.24322328518419,400.0,244.0,0.0,0.18756776714815815
3509502,2022,99.69,95.89,89.21,90.04,20.19,185.2,4818.91,4428.59,382901.0,353446.0,0.0,91.47576578556885,159.0,485.0,0.0,0.08524234214431148
3512407,2022,97.41,100.0,73.05,100.0,45.42,163.0,65.01,66.0,9309.0,8813.0,0.0,87.02494331434958,290.0,354.0,0.0,0.1297505668565041
3514908,2022,75.43,73.99,100.0,100.0,19.93,170.2,87.35,75.28,5963.0,5768.0,0.0,83.9344924927035,361.0,283.0,0.0,0.16065507507296506
3515608,2022,89.55,88.4,99.99,100.0,14.74,180.5,54.71,40.67,2539.0,2514.0,0.0,92.24829780967313,133.0,511.0,0.0,0.0775170219032687
3519253,2022,63.4,62.33,99.99,100.0,24.68,126.0,18.62,16.88,1393.0,1361.0,0.0,76.96660349593898,457.0,187.0,0.0,0.2303339650406102
3536208,2022,68.19,62.58,94.09,100.0,28.36,160.9,72.23,66.55,6040.0,5305.0,0.0,76.45600450584853,463.0,181.0,0.0,0.2354399549415147
3544103,2022,84.98,66.47,100.0,83.68,29.97,117.6,175.41,110.49,13316.0,9372.0,0.0,79.75983942824023,420.0,224.0,0.0,0.2024016057175977
3554904,2022,95.37,87.29,100.0,100.0,13.54,203.2,74.5,51.8,3127.0,2869.0,0.0,93.72774982415125,87.0,557.0,0.0,0.06272250175848759
3556453,2022,96.93,45.94,29.47,34.45,33.12,125.1,362.97,89.02,14514.0,5602.0,0.0,49.06968098698035,627.0,17.0,0.0,0.5093031901301965
3503000,2022,99.98,99.98,81.22,100.0,40.08,581.2,30.04,29.0,2157.0,2157.0,0.0,90.40414510364491,190.0,454.0,0.0,0.09595854896355094
3549607,2022,89.46,89.46,100.0,0.0,12.5,262.5,13.0,12.0,1286.0,1286.0,0.0,70.5570385267317,527.0,117.0,0.0,0.29442961473268303
3549300,2022,80.15,80.15,100.0,80.0,8.68,308.7,24.0,24.0,1061.0,1061.0,0.0,83.79902374518386,363.0,281.0,0.0,0.16200976254816135
3513603,2022,55.68,28.2,42.76,50.0,0.0,296.5,67.0,31.0,4366.0,4366.0,346978.55,43.820582447521566,633.0,11.0,0.013077730015788649,0.5544471829728287
3525805,2022,100.0,100.0,9.6,100.0,1.17,551.8,17.5,22.6,2005.0,2005.0,0.0,77.63273705480557,442.0,202.0,0.0,0.22367262945194422
3503505,2022,61.5,61.5,25.78,0.0,19.21,513.7,8.0,8.0,1200.0,1200.0,0.0,36.4362112410905,642.0,2.0,0.0,0.635637887589095
3534807,2022,99.83,99.83,47.11,100.0,11.28,449.9,46.0,44.2,3328.0,3304.0,223639.0,85.50871344010386,326.0,318.0,0.008429023820063107,0.14369139160299418
3533254,2022,91.0,91.0,88.89,100.0,0.0,517.5,27.0,27.0,1446.0,1446.0,0.0,92.42638268925933,129.0,515.0,0.0,0.07573617310740677
3514601,2022,100.0,100.0,80.0,100.0,38.0,171.1,49.6,41.55,3672.0,3672.0,248898.58,90.37285481852577,192.0,452.0,0.00938106528646561,0.09536832304004535
